state,fuffer,fuffed,year,polity2,democracy,anocracy,autocracy,govtType,durable,irst,milex,milper,energy,tpop,upop,cinc,c_total,polright,civillib,freedom,population,majpower
Afghanistan,1,0,1993,0,0,1,0,Anocracy,0,0,326872,45,2000,17322,2753,0,6,6,6,6,19716330,0
Afghanistan,1,0,1989,-8,0,0,1,Autocracy,9,0,557244,55,1947,14346,1995,0,4,6,6,6,17289020,0
Afghanistan,0,1,1994,0,0,1,0,Anocracy,0,0,200000,45,2103,18470,2983,0,6,7,7,7,20723230,0
Afghanistan,0,0,1995,0,0,1,0,Anocracy,0,0,200000,45,2208,19661,3118,0,6,7,7,7,21929850,0
Afghanistan,0,0,1997,-7,0,0,1,Autocracy,1,0,209000,200,598,22132,3408,0,6,7,7,7,24111240,0
Afghanistan,0,0,1980,-7,0,0,1,Autocracy,0,0,238087,43,2079,16063,1413,0,4,7,7,7,15950000,0
Afghanistan,0,1,2001,-7,0,1,0,Anocracy,0,0,245000,45,562,22722,4162,0,6,7,7,7,27247940,0
Afghanistan,0,0,1999,-7,0,0,1,Autocracy,3,0,250000,400,565,21923,3724,0,6,7,7,7,25868640,0
Afghanistan,0,0,1999,-7,0,0,1,Autocracy,3,0,250000,400,565,21923,3724,0,6,7,7,7,25868640,0
Afghanistan,1,0,1998,-7,0,0,1,Autocracy,2,0,255000,400,566,21354,3563,0,6,7,7,7,25051010,0
Afghanistan,0,0,1998,-7,0,0,1,Autocracy,2,0,255000,400,566,21354,3563,0,6,7,7,7,25051010,0
Afghanistan,0,1,1998,-7,0,0,1,Autocracy,2,0,255000,400,566,21354,3563,0,6,7,7,7,25051010,0
Afghanistan,1,0,1983,-7,0,0,1,Autocracy,3,0,296987,46,2290,15177,1655,0,4,7,7,7,15985060,0
Afghanistan,0,0,1983,-7,0,0,1,Autocracy,3,0,296987,46,2290,15177,1655,0,4,7,7,7,15985060,0
Afghanistan,1,0,1982,-7,0,0,1,Autocracy,2,0,326872,55,2167,15549,1591,0,4,7,7,7,16049970,0
Albania,0,1,1994,5,0,1,0,Anocracy,2,19,97500,65,810,3547,257,0,6,2,4,3,3241140,0
Albania,0,0,1995,5,0,1,0,Anocracy,3,22,89000,52,945,3609,260,0,6,3,4,3.5,3185000,0
Albania,0,0,1992,5,0,1,0,Anocracy,0,20,34700,65,1574,3363,252,0,5,4,4,4,3297640,0
Albania,0,1,1997,5,0,1,0,Anocracy,0,22,94000,52,1344,3731,267,0,6,4,4,4,3119740,0
Albania,0,0,1997,5,0,1,0,Anocracy,0,22,94000,52,1344,3731,267,0,6,4,4,4,3119740,0
Albania,1,0,1997,5,0,1,0,Anocracy,0,22,94000,52,1344,3731,267,0,6,4,4,4,3119740,0
Albania,0,1,1998,5,0,1,0,Anocracy,1,22,102000,20,1307,3119,270,0,6,4,4,4,3109690,0
Albania,0,1,1993,5,0,1,0,Anocracy,1,19,105000,65,1189,3485,254,0,6,4,3,3.5,3278910,0
Albania,0,1,1993,5,0,1,0,Anocracy,1,19,105000,65,1189,3485,254,0,6,4,3,3.5,3278910,0
Albania,0,0,2000,5,0,1,0,Anocracy,3,5,113000,54,1311,3113,279,0,6,4,5,4.5,3134000,0
Algeria,0,0,1980,-9,0,0,1,Autocracy,18,370,890060,101,74773,18666,3576,0,9,6,6,6,18669170,0
Algeria,0,1,1984,-9,0,0,1,Autocracy,22,1130,930440,170,156464,21256,4361,0.01,9,6,6,6,21204000,0
Angola,0,0,1997,-3,0,1,0,Anocracy,0,9,764000,95,2196,11569,2260,0,5,6,6,6,12046340,0
Angola,0,0,1997,-3,0,1,0,Anocracy,0,9,764000,95,2196,11569,2260,0,5,6,6,6,12046340,0
Angola,0,0,1998,-3,0,1,0,Anocracy,1,9,974000,100,2063,12092,2371,0,5,6,6,6,12401580,0
Angola,1,0,2001,-3,0,1,0,Anocracy,4,9,1470000,130,2047,12883,2734,0,5,6,6,6,13512450,0
Angola,0,0,1995,-2,0,1,0,Anocracy,0,9,400000,100,6961,10816,2052,0,5,7,7,7,11339000,0
Angola,0,0,1994,-1,0,1,0,Anocracy,0,9,524000,120,6272,10466,1956,0,5,7,7,7,10985630,0
Angola,1,0,1988,-7,0,0,1,Autocracy,13,10,819000,107,5788,8700,1432,0,4,7,7,7,9174610,0
Argentina,0,0,1990,7,1,0,0,Democracy,7,3636,770980,85,75857,32527,14419,0.01,5,1,2,1.5,32527000,0
Argentina,1,0,1986,8,1,0,0,Democracy,3,3116,1150000,104,62960,30748,13318,0.01,5,2,2,2,30759870,0
Argentina,1,0,1987,8,1,0,0,Democracy,4,3463,1220000,118,67449,31192,13593,0.01,5,2,1,1.5,31213360,0
Argentina,0,0,1993,7,1,0,0,Democracy,10,2886,2700000,65,82504,33869,15037,0.01,5,2,3,2.5,33848460,0
Argentina,0,0,2000,8,1,0,0,Democracy,17,4474,4776000,71,77493,37032,16614,0.01,5,2,3,2.5,37032000,0
Argentina,0,0,2000,8,1,0,0,Democracy,17,4474,4776000,71,77493,37032,16614,0.01,5,2,3,2.5,37032000,0
Argentina,1,0,1984,8,1,0,0,Democracy,1,2508,2282003,174,65371,29859,12849,0.01,5,3,3,3,29851730,0
Argentina,0,0,1983,8,1,0,0,Democracy,0,2828,2337872,175,64056,29412,12655,0.01,5,6,5,5.5,29402470,0
Argentina,1,0,1983,8,1,0,0,Democracy,0,2828,2337872,175,64056,29412,12655,0.01,5,6,5,5.5,29402470,0
Argentina,0,0,1983,8,1,0,0,Democracy,0,2828,2337872,175,64056,29412,12655,0.01,5,6,5,5.5,29402470,0
Argentina,1,0,1980,-9,0,0,1,Autocracy,4,2556,3060636,155,63133,28094,12072,0.01,5,6,5,5.5,28094000,0
Argentina,0,0,1981,-8,0,0,1,Autocracy,5,2389,3573110,155,62421,28525,12266,0.01,5,6,5,5.5,28522650,0
Argentina,0,1,1981,-8,0,0,1,Autocracy,5,2389,3573110,155,62421,28525,12266,0.01,5,6,5,5.5,28522650,0
Argentina,1,0,1982,-8,0,0,1,Autocracy,6,2752,4147000,175,63373,28966,12460,0.01,5,6,5,5.5,28959030,0
Argentina,0,1,1982,-8,0,0,1,Autocracy,6,2752,4147000,175,63373,28966,12460,0.01,5,6,5,5.5,28959030,0
Armenia,1,0,1994,7,1,0,0,Democracy,2,0,77000,45,1161,3746,1487,0,4,3,4,3.5,3748000,0
Armenia,0,1,1995,3,0,1,0,Anocracy,0,0,79000,60,1821,3759,1558,0,4,3,4,3.5,3760000,0
Armenia,0,1,1996,-6,0,0,1,Autocracy,0,0,125000,60,1421,3764,1633,0,4,4,4,4,3774000,0
Armenia,1,0,2001,5,0,1,0,Anocracy,3,0,637000,42,2964,3520,1645,0,4,4,4,4,3809230,0
Armenia,0,0,2001,5,0,1,0,Anocracy,3,0,637000,42,2964,3520,1645,0,4,4,4,4,3809230,0
Armenia,1,0,2000,5,0,1,0,Anocracy,2,0,690000,41,2957,3520,1642,0,4,4,4,4,3803000,0
Armenia,0,0,2000,5,0,1,0,Anocracy,2,0,690000,41,2957,3520,1642,0,4,4,4,4,3803000,0
Armenia,0,1,1992,7,1,0,0,Democracy,1,0,75000,20,2332,3686,1354,0,4,5,5,5,3686000,0
Armenia,1,0,1998,5,0,1,0,Anocracy,0,0,151000,50,2942,3536,1637,0,4,5,4,4.5,3795000,0
Australia,0,1,1987,10,1,0,0,Democracy,86,6188,5400000,70,110320,16263,11401,0.01,2,1,1,1,16263900,0
Australia,0,0,2001,10,1,0,0,Democracy,100,7033,6752000,51,150876,18887,14358,0.01,2,1,1,1,19386820,0
Australia,1,0,2001,10,1,0,0,Democracy,100,7033,6752000,51,150876,18887,14358,0.01,2,1,1,1,19386820,0
Australia,0,0,1990,10,1,0,0,Democracy,89,6676,7270000,68,122184,17065,12083,0.01,2,1,1,1,17065100,0
Australia,0,0,1994,10,1,0,0,Democracy,93,8424,7300000,65,136984,17855,12768,0.01,2,1,1,1,17847000,0
Australia,0,0,1999,10,1,0,0,Democracy,98,8172,7775000,55,150797,18705,13959,0.01,2,1,1,1,18967000,0
Austria,0,0,2001,10,1,0,0,Democracy,55,5869,1417000,35,35815,8211,2484,0,8,1,1,1,8132000,0
Austria,0,0,2000,10,1,0,0,Democracy,54,5707,1612000,40,35797,8211,2481,0,8,1,1,1,8110240,0
Austria,0,0,2000,10,1,0,0,Democracy,54,5707,1612000,40,35797,8211,2481,0,8,1,1,1,8110240,0
Austria,0,0,1991,10,1,0,0,Democracy,45,4404,1680000,44,29364,7813,2399,0,7,1,1,1,7825900,0
Azerbaijan,1,0,1992,1,0,1,0,Anocracy,0,385,189860,43,32692,7297,1665,0,7,5,5,5,7382000,0
Azerbaijan,1,0,1995,-6,0,0,1,Autocracy,0,20,107000,78,22486,7487,2010,0,7,6,6,6,7685000,0
Azerbaijan,0,0,1996,-6,0,0,1,Autocracy,1,20,133000,80,21225,7574,2140,0,7,6,6,6,7763000,0
Azerbaijan,1,0,1996,-6,0,0,1,Autocracy,1,20,133000,80,21225,7574,2140,0,7,6,6,6,7763000,0
Azerbaijan,0,1,1998,-7,0,0,1,Autocracy,3,8,197000,70,15218,7669,2327,0,7,6,4,5,7913000,0
Azerbaijan,1,0,1999,-7,0,0,1,Autocracy,4,8,203000,75,15201,7697,2376,0,7,6,4,5,7983000,0
Azerbaijan,0,1,2000,-7,0,0,1,Autocracy,5,8,830000,72,15184,7734,2390,0,7,6,4,5,8049000,0
Azerbaijan,0,0,2000,-7,0,0,1,Autocracy,5,8,830000,72,15184,7734,2390,0,7,6,4,5,8049000,0
Azerbaijan,0,0,2000,-7,0,0,1,Autocracy,5,8,830000,72,15184,7734,2390,0,7,6,4,5,8049000,0
Azerbaijan,0,1,2001,-7,0,0,1,Autocracy,6,8,833000,72,15167,7734,2404,0,7,6,5,5.5,8116110,0
Azerbaijan,0,0,2001,-7,0,0,1,Autocracy,6,8,833000,72,15167,7734,2404,0,7,6,5,5.5,8116110,0
Azerbaijan,0,0,2001,-7,0,0,1,Autocracy,6,8,833000,72,15167,7734,2404,0,7,6,5,5.5,8116110,0
Bahrain,0,1,1986,-10,0,0,1,Autocracy,11,0,134840,4,27328,442,118,0,7,5,5,5,442000,0
Bahrain,0,0,1986,-10,0,0,1,Autocracy,11,0,134840,4,27328,442,118,0,7,5,5,5,442000,0
Bahrain,0,1,1986,-10,0,0,1,Autocracy,11,0,134840,4,27328,442,118,0,7,5,5,5,442000,0
Bahrain,0,1,1988,-10,0,0,1,Autocracy,13,0,164894,5,27854,473,122,0,7,5,5,5,473000,0
Bahrain,0,0,1984,-10,0,0,1,Autocracy,9,0,319082,3,22242,407,114,0,7,5,5,5,407330,0
Bahrain,0,0,1991,-10,0,0,1,Autocracy,16,0,237000,8,29724,508,128,0,7,6,5,5.5,508000,0
Bahrain,0,0,1994,-9,0,0,1,Autocracy,19,0,261000,8,30841,557,151,0,7,6,6,6,557000,0
Bangladesh,0,1,1981,-4,0,1,0,Anocracy,3,139,153432,77,12027,90457,6841,0.01,2,3,3,3,87617408,0
Bangladesh,0,1,1980,-4,0,1,0,Anocracy,2,137,162840,71,11917,88678,6197,0.01,2,3,3,3,85438000,0
Bangladesh,1,0,1996,6,1,0,0,Democracy,5,37,554000,113,22155,120073,14692,0.01,2,3,4,3.5,122246248,0
Bangladesh,0,0,1996,6,1,0,0,Democracy,5,37,554000,113,22155,120073,14692,0.01,2,3,4,3.5,122246248,0
Bangladesh,0,0,2001,6,1,0,0,Democracy,10,0,639000,137,13744,129180,18218,0.01,2,3,4,3.5,133345160,0
Bangladesh,0,1,1987,-5,0,1,0,Anocracy,5,82,326000,102,15042,102563,10564,0.01,2,4,5,4.5,102189152,0
Bangladesh,0,0,1990,-5,0,1,0,Anocracy,8,75,326900,103,17073,109765,11906,0.01,2,4,4,4,110025000,0
Bangladesh,0,0,1983,-7,0,0,1,Autocracy,1,47,177906,77,12738,94651,8401,0.01,2,5,5,5,92208752,0
Bangladesh,0,1,1986,-5,0,1,0,Anocracy,4,96,216750,91,14703,101673,10472,0.01,2,5,5,5,99615600,0
Bangladesh,0,1,1991,6,1,0,0,Democracy,0,58,303310,107,20321,109880,12231,0.01,2,5,5,5,111992512,0
Belarus,0,0,2001,-7,0,0,1,Autocracy,5,1486,1960000,83,35246,10236,4694,0,5,6,6,6,9970260,0
Belgium,0,1,1985,10,1,0,0,Democracy,40,10781,1796000,107,49154,9858,1491,0,6,1,1,1,9858000,0
Belgium,0,0,1990,10,1,0,0,Democracy,45,11424,3070000,106,63628,9967,1474,0,7,1,1,1,9967400,0
Belgium,0,0,1992,10,1,0,0,Democracy,47,10332,3160000,79,69715,10055,1460,0.01,6,1,1,1,10045000,0
Belgium,0,0,2000,10,1,0,0,Democracy,55,11636,3212000,39,75322,10161,1497,0,6,1,2,1.5,10252000,0
Belgium,0,0,2000,10,1,0,0,Democracy,55,11636,3212000,39,75322,10161,1497,0,6,1,2,1.5,10252000,0
Belgium,0,0,1991,10,1,0,0,Democracy,46,11340,3250000,101,69473,9979,1456,0.01,6,1,1,1,10004500,0
Belgium,0,0,1999,10,1,0,0,Democracy,54,10931,3442000,42,75294,10152,1495,0,6,1,2,1.5,10226000,0
Belgium,0,0,1987,10,1,0,0,Democracy,42,9844,3510000,109,57405,9870,1483,0,6,1,1,1,9870000,0
Belgium,0,0,1998,10,1,0,0,Democracy,53,11425,3737000,43,75266,10141,1491,0.01,6,1,2,1.5,10203000,0
Belgium,0,0,1993,10,1,0,0,Democracy,48,10176,4000000,70,68023,10084,1466,0.01,6,1,1,1,10084500,0
Benin,0,1,2000,6,1,0,0,Democracy,9,0,37000,5,260,6097,1028,0,5,2,3,2.5,6272000,0
Bosnia-Herzegovina,0,0,1993,0,0,1,0,Anocracy,0,174,876000,60,1257,4434,560,0,2,6,6,6,3872116,0
Bosnia-Herzegovina,0,0,1994,0,0,1,0,Anocracy,0,116,916000,70,1414,4459,561,0,2,6,6,6,3639043,0
Botswana,0,1,1985,7,1,0,0,Democracy,19,0,20290,3,793,1088,0,0,3,2,3,2.5,1081000,0
Botswana,1,0,1984,7,1,0,0,Democracy,18,0,22000,3,738,1048,0,0,3,2,3,2.5,1044280,0
Botswana,0,1,1986,7,1,0,0,Democracy,20,0,22590,4,866,1128,0,0,3,2,3,2.5,1118440,0
Botswana,0,1,1987,8,1,0,0,Democracy,21,0,27260,4,957,1169,107,0,3,2,3,2.5,1156640,0
Botswana,0,1,1988,8,1,0,0,Democracy,22,0,38100,4,998,1210,114,0,3,2,3,2.5,1195610,0
Botswana,0,1,1988,8,1,0,0,Democracy,22,0,38100,4,998,1210,114,0,3,2,3,2.5,1195610,0
Botswana,0,0,1997,9,1,0,0,Democracy,31,0,241000,8,1401,1533,239,0,4,2,2,2,1577900,0
Brazil,1,0,1983,-3,0,1,0,Anocracy,9,14671,1305220,460,156258,126573,58275,0.02,9,3,3,3,129825696,0
Brazil,0,1,1983,-3,0,1,0,Anocracy,9,14671,1305220,460,156258,126573,58275,0.02,9,3,3,3,129825696,0
Bulgaria,0,0,2000,8,1,0,0,Democracy,10,2017,343000,80,26833,8225,2202,0,6,1,3,2,8170000,0
Bulgaria,0,0,2000,8,1,0,0,Democracy,10,2017,343000,80,26833,8225,2202,0,6,1,3,2,8170000,0
Bulgaria,0,1,1996,8,1,0,0,Democracy,6,2457,373000,80,27293,8356,2713,0,6,1,2,1.5,8356000,0
Bulgaria,0,1,1986,-7,0,0,1,Autocracy,39,2965,1940000,190,41002,8958,2518,0,5,7,7,7,8957000,0
Bulgaria,0,0,1987,-7,0,0,1,Autocracy,40,3045,2370000,191,42058,8971,2558,0,5,7,7,7,8971000,0
Bulgaria,1,0,1987,-7,0,0,1,Autocracy,40,3045,2370000,191,42058,8971,2558,0,5,7,7,7,8971000,0
Burkina Faso,1,0,1985,-7,0,0,1,Autocracy,5,0,34060,9,2448,7886,671,0,6,7,5,6,7881000,0
Burkina Faso,1,0,1986,-7,0,0,1,Autocracy,6,0,41240,9,2512,8097,705,0,6,7,6,6.5,8075250,0
Burma,1,0,1980,-8,0,0,1,Autocracy,17,0,202000,179,7645,33637,4556,0,6,7,6,6.5,33706000,0
Burma,1,0,1982,-8,0,0,1,Autocracy,19,0,210000,210,7849,35910,5052,0,6,7,6,6.5,35106512,0
Burma,0,0,1985,-8,0,0,1,Autocracy,22,0,228253,186,8895,38541,5764,0,6,7,7,7,37160000,0
Burma,0,0,1983,-8,0,0,1,Autocracy,20,0,234000,179,8077,36747,3884,0,6,7,6,6.5,35797328,0
Burma,1,0,1984,-8,0,0,1,Autocracy,21,0,245000,181,8639,37614,5538,0,6,7,7,7,36481660,0
Burma,1,0,1988,-6,0,0,1,Autocracy,25,0,286000,186,8191,39839,5995,0,6,7,7,7,39172180,0
Burma,1,0,1987,-8,0,0,1,Autocracy,24,0,291600,186,8418,39073,5871,0,6,7,7,7,38503420,0
Burma,1,0,1989,-6,0,0,1,Autocracy,26,0,332590,200,8406,40601,6122,0,6,7,6,6.5,39842320,0
Burma,1,0,1992,-7,0,0,1,Autocracy,29,15,356150,286,8863,42333,6551,0,6,7,7,7,41955140,0
Burma,1,0,1990,-7,0,0,1,Autocracy,27,25,858000,230,8318,41354,6251,0,6,7,7,7,40517000,0
Burma,1,0,1991,-7,0,0,1,Autocracy,28,25,971000,286,8364,41552,6384,0,6,7,7,7,41220900,0
Burma,1,0,2001,-7,0,0,1,Autocracy,38,25,1088000,344,4401,45609,8432,0.01,6,7,7,7,48320440,0
Burma,1,0,1995,-7,0,0,1,Autocracy,32,25,1880000,322,9972,45106,7116,0.01,6,7,7,7,44352000,0
Burma,0,1,1999,-7,0,0,1,Autocracy,36,25,1995000,345,4418,45059,7963,0.01,6,7,7,7,47181020,0
Burma,0,0,1996,-7,0,0,1,Autocracy,33,25,2012000,322,9964,45922,7319,0.01,6,7,7,7,45137420,0
Burundi,0,0,2000,-1,0,1,0,Anocracy,2,0,42000,40,125,6695,379,0,3,6,6,6,6807000,0
Burundi,0,0,1995,0,0,1,0,Anocracy,0,0,46000,22,1557,5982,300,0,3,6,7,6.5,6156000,0
Burundi,0,1,1997,-5,0,1,0,Anocracy,0,0,85000,35,124,6194,327,0,3,7,7,7,6417850,0
Cambodia,1,0,1994,1,0,1,0,Anocracy,1,0,133000,70,2137,9568,1231,0,4,4,5,4.5,10367140,0
Cambodia,1,0,1997,-7,0,0,1,Autocracy,0,0,144000,60,253,10516,3034,0,4,6,6,6,11236770,0
Cambodia,0,1,1996,1,0,1,0,Anocracy,3,0,185000,60,2246,10273,2246,0,4,6,6,6,10968050,0
Cameroon,1,0,1981,-8,0,0,1,Autocracy,21,0,77136,14,4852,8966,798,0,8,6,6,6,8976540,0
Cameroon,0,0,1981,-8,0,0,1,Autocracy,21,0,77136,14,4852,8966,798,0,8,6,6,6,8976540,0
Cameroon,0,1,1994,-4,0,1,0,Anocracy,2,0,141000,12,5626,12833,1821,0,8,6,5,5.5,12950000,0
Cameroon,0,0,1987,-8,0,0,1,Autocracy,27,0,153290,15,4282,10822,1472,0,8,6,6,6,10632350,0
Cameroon,0,0,1995,-4,0,1,0,Anocracy,3,0,202000,22,5879,13277,1895,0,8,6,5,5.5,13273000,0
Cameroon,0,1,2001,-4,0,1,0,Anocracy,9,0,120000,22,1964,15089,2388,0,8,7,6,6.5,15197470,0
Cameroon,0,0,1998,-4,0,1,0,Anocracy,6,0,149000,15,1979,14305,2136,0,8,7,5,6,14238860,0
Cameroon,0,0,1996,-4,0,1,0,Anocracy,4,0,228000,15,5054,13560,1972,0,8,7,5,6,13595750,0
Canada,0,0,1980,10,1,0,0,Democracy,92,15901,4387240,82,273041,24516,5713,0.01,1,1,1,1,24593000,0
Canada,0,0,1998,10,1,0,0,Democracy,110,15930,7677000,60,339682,30563,11892,0.01,1,1,1,1,30247900,0
Canada,0,0,2001,10,1,0,0,Democracy,113,15276,7745000,57,339736,31151,12291,0.01,1,1,1,1,31081900,0
Canada,1,0,1997,10,1,0,0,Democracy,109,15553,7801000,61,349368,30004,11751,0.01,1,1,1,1,29987200,0
Canada,0,0,1987,10,1,0,0,Democracy,99,14737,7960000,86,256252,26450,8915,0.01,1,1,1,1,26550000,0
Canada,0,0,2000,10,1,0,0,Democracy,112,16594,8320000,59,339718,31147,12163,0.01,1,1,1,1,30769700,0
Canada,0,0,2000,10,1,0,0,Democracy,112,16594,8320000,59,339718,31147,12163,0.01,1,1,1,1,30769700,0
Canada,0,1,2000,10,1,0,0,Democracy,112,16594,8320000,59,339718,31147,12163,0.01,1,1,1,1,30769700,0
Canada,0,0,2000,10,1,0,0,Democracy,112,16594,8320000,59,339718,31147,12163,0.01,1,1,1,1,30769700,0
Canada,0,0,1999,10,1,0,0,Democracy,111,16235,8395000,60,339700,30857,12035,0.01,1,1,1,1,30499200,0
Canada,1,0,1988,10,1,0,0,Democracy,100,15193,8830000,88,276835,26798,9300,0.01,1,1,1,1,26895000,0
Canada,1,0,1995,10,1,0,0,Democracy,107,14415,9126000,70,334696,29354,11371,0.01,1,1,1,1,29354000,0
Canada,1,0,1989,10,1,0,0,Democracy,101,15458,9480000,88,286872,27286,9685,0.01,1,1,1,1,27379000,0
Canada,0,0,1993,10,1,0,0,Democracy,105,14387,9600000,76,313476,28703,10903,0.01,1,1,1,1,28833410,0
Canada,0,0,1994,10,1,0,0,Democracy,106,13897,9695000,75,328761,29036,11135,0.01,1,1,1,1,29111910,0
Canada,0,0,1990,10,1,0,0,Democracy,102,12281,10280000,87,288928,27701,10070,0.01,1,1,1,1,27791000,0
Canada,0,0,1992,10,1,0,0,Democracy,104,13924,10310000,82,289776,28377,10677,0.01,1,1,1,1,28519600,0
Canada,0,1,1991,10,1,0,0,Democracy,103,12987,11420000,86,285038,28031,10455,0.01,1,1,1,1,28171680,0
Central African Republic,0,0,2001,5,0,1,0,Anocracy,8,0,15000,3,128,3616,791,0,5,3,4,3.5,3770820,0
Central African Republic,1,0,2001,5,0,1,0,Anocracy,8,0,15000,3,128,3616,791,0,5,3,4,3.5,3770820,0
Chad,0,0,1994,-4,0,1,0,Anocracy,2,0,29000,40,1280,6214,994,0,6,3,5,4,6463870,0
Chad,0,1,1995,-4,0,1,0,Anocracy,3,0,34000,40,1314,6335,1039,0,6,3,5,4,6707000,0
Chad,0,0,1998,-2,0,1,0,Anocracy,6,0,64000,30,53,7270,1185,0,6,3,5,4,7282870,0
Chad,0,0,2001,-2,0,1,0,Anocracy,9,0,13000,30,53,7654,1357,0,6,6,5,5.5,7916010,0
Chad,0,1,1993,-4,0,1,0,Anocracy,1,0,38300,30,1247,6098,956,0,6,6,6,6,6248250,0
Chad,1,0,1983,0,0,1,0,Anocracy,0,0,52498,4,999,4802,332,0,6,6,7,6.5,4855420,0
Chad,0,1,1983,0,0,1,0,Anocracy,0,0,52498,4,999,4802,332,0,6,6,7,6.5,4855420,0
Chad,0,0,1981,0,0,1,0,Anocracy,0,0,55003,3,948,4581,303,0,6,6,6,6,4592590,0
Chad,0,1,1986,-7,0,0,1,Autocracy,0,0,48660,22,1049,5122,443,0,6,7,7,7,5242970,0
Chile,0,1,1996,8,1,0,0,Democracy,7,1178,2038000,102,25333,14419,8459,0,3,2,2,2,14418800,0
Chile,0,1,1980,-7,0,0,1,Autocracy,7,704,1455820,116,19224,11145,5787,0,3,6,5,5.5,11147000,0
Chile,0,1,1984,-6,0,0,1,Autocracy,11,692,1622342,123,16683,11919,6423,0,3,6,5,5.5,11855970,0
Chile,0,0,1983,-6,0,0,1,Autocracy,10,618,1649556,126,16048,11717,6203,0,3,6,5,5.5,11670910,0
Chile,0,0,1981,-7,0,0,1,Autocracy,8,644,2103330,116,17642,11327,5929,0,3,6,5,5.5,11316970,0
Chile,1,0,1981,-7,0,0,1,Autocracy,8,644,2103330,116,17642,11327,5929,0,3,6,5,5.5,11316970,0
China,1,0,1987,-7,0,0,1,Autocracy,38,56280,5640000,3530,900608,1104193,163229,0.11,15,6,6,6,1084034944,1
China,1,0,1987,-7,0,0,1,Autocracy,38,56280,5640000,3530,900608,1104193,163229,0.11,15,6,6,6,1084034944,1
China,0,0,1987,-7,0,0,1,Autocracy,38,56280,5640000,3530,900608,1104193,163229,0.11,15,6,6,6,1084034944,1
China,0,1,1986,-7,0,0,1,Autocracy,37,52200,5830000,4030,850266,1086773,160817,0.11,15,6,6,6,1066790016,1
China,0,0,1986,-7,0,0,1,Autocracy,37,52200,5830000,4030,850266,1086773,160817,0.11,15,6,6,6,1066790016,1
China,0,0,1986,-7,0,0,1,Autocracy,37,52200,5830000,4030,850266,1086773,160817,0.11,15,6,6,6,1066790016,1
China,0,0,1988,-7,0,0,1,Autocracy,39,59430,5860000,3780,954520,1121980,165686,0.11,15,6,6,6,1101629952,1
China,0,1,1988,-7,0,0,1,Autocracy,39,59430,5860000,3780,954520,1121980,165686,0.11,15,6,6,6,1101629952,1
China,0,1,1985,-7,0,0,1,Autocracy,36,46790,6350000,4100,810441,1070175,158449,0.11,15,6,6,6,1051040000,1
China,0,1,1985,-7,0,0,1,Autocracy,36,46790,6350000,4100,810441,1070175,158449,0.11,15,6,6,6,1051040000,1
China,0,1,1985,-7,0,0,1,Autocracy,36,46790,6350000,4100,810441,1070175,158449,0.11,15,6,6,6,1051040000,1
China,0,1,1984,-7,0,0,1,Autocracy,35,43470,23850000,4100,752704,1054667,156125,0.11,15,6,6,6,1036825024,1
China,0,0,1980,-7,0,0,1,Autocracy,31,37120,28500000,4650,635807,998877,134470,0.12,15,6,5,5.5,981235008,1
China,0,1,1981,-7,0,0,1,Autocracy,32,35600,30500000,4750,628114,1012409,143320,0.12,15,6,6,6,993884992,1
China,0,0,1982,-7,0,0,1,Autocracy,33,37160,33000000,4350,665480,1026029,143760,0.12,15,6,6,6,1008630016,1
China,0,1,1982,-7,0,0,1,Autocracy,33,37160,33000000,4350,665480,1026029,143760,0.12,15,6,6,6,1008630016,1
China,0,0,1983,-7,0,0,1,Autocracy,34,40020,34500000,4100,700017,1040000,153861,0.12,15,6,6,6,1023310016,1
China,0,1,1983,-7,0,0,1,Autocracy,34,40020,34500000,4100,700017,1040000,153861,0.12,15,6,6,6,1023310016,1
China,0,0,1991,-7,0,0,1,Autocracy,42,71000,18790000,3200,1022650,1170038,173264,0.11,18,7,7,7,1150780032,1
China,0,0,1993,-7,0,0,1,Autocracy,44,89539,27400000,3030,1100058,1196167,182470,0.12,18,7,7,7,1178439936,1
China,0,0,1993,-7,0,0,1,Autocracy,44,89539,27400000,3030,1100058,1196167,182470,0.12,18,7,7,7,1178439936,1
China,1,0,1993,-7,0,0,1,Autocracy,44,89539,27400000,3030,1100058,1196167,182470,0.12,18,7,7,7,1178439936,1
China,0,1,1993,-7,0,0,1,Autocracy,44,89539,27400000,3030,1100058,1196167,182470,0.12,18,7,7,7,1178439936,1
China,0,0,1994,-7,0,0,1,Autocracy,45,92613,28945000,2930,1174859,1208278,189368,0.12,18,7,7,7,1191835008,1
China,1,0,1994,-7,0,0,1,Autocracy,45,92613,28945000,2930,1174859,1208278,189368,0.12,18,7,7,7,1191835008,1
China,0,0,1994,-7,0,0,1,Autocracy,45,92613,28945000,2930,1174859,1208278,189368,0.12,18,7,7,7,1191835008,1
China,1,0,1994,-7,0,0,1,Autocracy,45,92613,28945000,2930,1174859,1208278,189368,0.12,18,7,7,7,1191835008,1
China,0,0,1995,-7,0,0,1,Autocracy,46,95360,32929000,2930,1253377,1220224,196072,0.13,18,7,7,7,1204855040,1
China,0,1,1995,-7,0,0,1,Autocracy,46,95360,32929000,2930,1253377,1220224,196072,0.13,18,7,7,7,1204855040,1
China,0,1,1995,-7,0,0,1,Autocracy,46,95360,32929000,2930,1253377,1220224,196072,0.13,18,7,7,7,1204855040,1
China,0,0,1995,-7,0,0,1,Autocracy,46,95360,32929000,2930,1253377,1220224,196072,0.13,18,7,7,7,1204855040,1
China,0,0,1995,-7,0,0,1,Autocracy,46,95360,32929000,2930,1253377,1220224,196072,0.13,18,7,7,7,1204855040,1
China,0,0,1996,-7,0,0,1,Autocracy,47,101237,36176000,2650,1312845,1232083,203013,0.13,18,7,7,7,1217549952,1
China,0,0,1996,-7,0,0,1,Autocracy,47,101237,36176000,2650,1312845,1232083,203013,0.13,18,7,7,7,1217549952,1
China,0,1,1996,-7,0,0,1,Autocracy,47,101237,36176000,2650,1312845,1232083,203013,0.13,18,7,7,7,1217549952,1
China,0,1,1997,-7,0,0,1,Autocracy,48,108911,36551000,2600,1208057,1243738,210199,0.13,18,7,7,7,1230075008,1
China,0,0,1998,-7,0,0,1,Autocracy,49,114588,38191000,2600,1139226,1255698,217640,0.13,18,7,7,7,1242179968,1
China,0,1,1998,-7,0,0,1,Autocracy,49,114588,38191000,2600,1139226,1255698,217640,0.13,18,7,7,7,1242179968,1
China,0,0,1999,-7,0,0,1,Autocracy,50,123954,39889000,2400,1138887,1266838,225345,0.13,18,7,6,6.5,1253595008,1
China,1,0,1999,-7,0,0,1,Autocracy,50,123954,39889000,2400,1138887,1266838,225345,0.13,18,7,6,6.5,1253595008,1
China,0,0,1999,-7,0,0,1,Autocracy,50,123954,39889000,2400,1138887,1266838,225345,0.13,18,7,6,6.5,1253595008,1
China,1,0,2001,-7,0,0,1,Autocracy,52,152260,46049000,2310,1138208,1277673,240091,0.13,18,7,6,6.5,1271849984,1
China,0,0,2001,-7,0,0,1,Autocracy,52,152260,46049000,2310,1138208,1277673,240091,0.13,18,7,6,6.5,1271849984,1
China,0,0,2001,-7,0,0,1,Autocracy,52,152260,46049000,2310,1138208,1277673,240091,0.13,18,7,6,6.5,1271849984,1
China,0,0,2001,-7,0,0,1,Autocracy,52,152260,46049000,2310,1138208,1277673,240091,0.13,18,7,6,6.5,1271849984,1
China,0,0,2001,-7,0,0,1,Autocracy,52,152260,46049000,2310,1138208,1277673,240091,0.13,18,7,6,6.5,1271849984,1
Colombia,0,0,1988,8,1,0,0,Democracy,31,777,240510,76,35134,31141,13548,0,10,2,3,2.5,33620900,0
Colombia,0,1,1987,8,1,0,0,Democracy,30,691,272990,86,35249,30578,13319,0,10,2,3,2.5,32962980,0
Colombia,0,0,1980,8,1,0,0,Democracy,23,420,301170,60,27525,25892,9604,0,10,2,3,2.5,28447000,0
Colombia,0,0,1986,8,1,0,0,Democracy,29,632,402970,76,33143,30024,13076,0,10,2,3,2.5,32310430,0
Colombia,1,0,1982,8,1,0,0,Democracy,25,422,420228,70,29826,26965,10023,0,10,2,3,2.5,29732740,0
Colombia,0,1,1994,9,1,0,0,Democracy,37,694,1183000,146,40165,34520,15940,0.01,10,2,4,3,37806848,0
Colombia,0,1,1994,9,1,0,0,Democracy,37,694,1183000,146,40165,34520,15940,0.01,10,2,4,3,37806848,0
Colombia,0,1,1995,7,1,0,0,Democracy,38,714,1791000,146,41514,35099,16706,0.01,10,3,4,3.5,38558000,0
Colombia,0,1,1997,7,1,0,0,Democracy,40,734,2542000,149,31399,36162,18349,0.01,10,4,4,4,40042000,0
Colombia,1,0,2001,7,1,0,0,Democracy,44,637,2861000,158,30910,42344,21390,0.01,10,4,4,4,43035168,0
Colombia,0,1,2000,7,1,0,0,Democracy,43,660,3062000,152,30935,42321,20919,0.01,10,4,4,4,42299300,0
"Congo, (DRoC)",0,0,1997,0,0,1,0,Anocracy,0,30,308000,30,1557,48040,10973,0,9,7,6,6.5,46753568,0
"Congo, (DRoC)",0,0,1997,0,0,1,0,Anocracy,0,30,308000,30,1557,48040,10973,0,9,7,6,6.5,46753568,0
"Congo, (DRoC)",0,1,1998,0,0,1,0,Anocracy,0,30,371000,50,1568,49139,11560,0,9,7,6,6.5,48178168,0
"Congo, Republic of the",0,1,1993,5,0,1,0,Anocracy,1,0,74000,10,1718,2444,1339,0,5,3,3,3,2444760,0
"Congo, Republic of the",0,0,1995,5,0,1,0,Anocracy,3,0,49000,10,1740,2593,1465,0,5,4,4,4,2603000,0
"Congo, Republic of the",0,0,1997,-6,0,0,1,Autocracy,0,0,74000,10,814,2745,1594,0,5,4,4,4,2766970,0
"Congo, Republic of the",0,0,1997,-6,0,0,1,Autocracy,0,0,74000,10,814,2745,1594,0,5,4,4,4,2766970,0
"Congo, Republic of the",0,0,1980,-8,0,0,1,Autocracy,17,0,48980,16,552,1669,439,0,5,7,7,7,1669000,0
"Congo, Republic of the",0,1,1987,-8,0,0,1,Autocracy,24,0,100510,14,1184,2041,994,0,5,7,6,6.5,2039340,0
Costa Rica,0,1,1988,10,1,0,0,Democracy,68,0,21000,8,2107,2851,408,0,5,1,1,1,2883280,0
Costa Rica,0,1,1987,10,1,0,0,Democracy,67,0,25000,8,2173,2781,377,0,5,1,1,1,2801280,0
Costa Rica,0,1,1983,10,1,0,0,Democracy,63,0,28009,7,1458,2496,275,0,5,1,1,1,2492530,0
Costa Rica,0,1,1985,10,1,0,0,Democracy,65,0,29300,8,1813,2642,322,0,5,1,1,1,2642000,0
Costa Rica,1,0,1986,10,1,0,0,Democracy,66,0,30900,8,1976,2716,349,0,5,1,1,1,2720700,0
Costa Rica,0,1,1995,10,1,0,0,Democracy,75,0,48000,8,1698,3333,710,0,5,1,2,1.5,3430000,0
Costa Rica,0,0,1998,10,1,0,0,Democracy,78,0,70000,10,3640,3841,752,0,5,1,2,1.5,3652670,0
Croatia,1,0,1992,-3,0,1,0,Anocracy,1,102,561000,103,10961,4470,1166,0,7,3,4,3.5,4780000,0
Croatia,0,0,1992,-3,0,1,0,Anocracy,1,102,561000,103,10961,4470,1166,0,7,3,4,3.5,4780000,0
Croatia,0,1,2000,7,1,0,0,Democracy,0,71,509000,61,10418,4473,1230,0,7,4,4,4,4380000,0
Croatia,0,0,1997,-5,0,1,0,Anocracy,6,69,1241000,58,10214,4498,1202,0,7,4,4,4,4446610,0
Croatia,1,0,1996,-5,0,1,0,Anocracy,5,46,1308000,58,12305,4494,1193,0,7,4,4,4,4525580,0
Croatia,0,0,1993,-3,0,1,0,Anocracy,2,74,1340000,80,12450,4641,1171,0,7,4,4,4,4778000,0
Croatia,0,0,1993,-3,0,1,0,Anocracy,2,74,1340000,80,12450,4641,1171,0,7,4,4,4,4778000,0
Croatia,1,0,1993,-3,0,1,0,Anocracy,2,74,1340000,80,12450,4641,1171,0,7,4,4,4,4778000,0
Croatia,0,0,1995,-5,0,1,0,Anocracy,4,45,1773000,60,12728,4669,1184,0,7,4,4,4,4635000,0
Croatia,0,0,1995,-5,0,1,0,Anocracy,4,45,1773000,60,12728,4669,1184,0,7,4,4,4,4635000,0
Cuba,0,1,1980,-7,0,0,1,Autocracy,19,292,1126388,220,14676,9724,3126,0,7,6,6,6,9710000,0
Cuba,0,0,1981,-7,0,0,1,Autocracy,20,317,1272515,225,15209,9724,3353,0,8,6,6,6,9724000,0
Cuba,0,0,1983,-7,0,0,1,Autocracy,22,352,1338001,250,15715,9897,3428,0,8,6,6,6,9897000,0
Cuba,0,0,1983,-7,0,0,1,Autocracy,22,352,1338001,250,15715,9897,3428,0,8,6,6,6,9897000,0
Cuba,0,0,1987,-7,0,0,1,Autocracy,26,402,1660000,297,16858,10301,3802,0,8,6,6,6,10288000,0
Cuba,1,0,1996,-7,0,0,1,Autocracy,35,231,715000,70,14564,11019,4270,0,8,7,7,7,11019000,0
Cuba,0,1,1990,-7,0,0,1,Autocracy,29,270,1691000,297,16582,10624,4070,0,8,7,7,7,10625000,0
Cyprus,0,1,1985,10,1,0,0,Democracy,11,0,27850,13,719,647,311,0,6,1,2,1.5,648000,0
Cyprus,0,0,1983,10,1,0,0,Democracy,9,0,83642,10,806,632,295,0,6,1,2,1.5,632000,0
Cyprus,0,1,1984,10,1,0,0,Democracy,10,0,91567,10,859,640,302,0,6,1,2,1.5,640000,0
Cyprus,0,0,1986,10,1,0,0,Democracy,12,0,116920,13,876,650,276,0,6,1,2,1.5,654000,0
Cyprus,0,1,1986,10,1,0,0,Democracy,12,0,116920,13,876,650,276,0,6,1,2,1.5,654000,0
Cyprus,0,1,1987,10,1,0,0,Democracy,13,0,121010,13,1032,659,282,0,6,1,2,1.5,660000,0
Cyprus,0,1,1987,10,1,0,0,Democracy,13,0,121010,13,1032,659,282,0,6,1,2,1.5,660000,0
Cyprus,0,1,1987,10,1,0,0,Democracy,13,0,121010,13,1032,659,282,0,6,1,2,1.5,660000,0
Cyprus,0,1,1988,10,1,0,0,Democracy,14,0,124830,13,1124,664,286,0,6,1,2,1.5,665000,0
Cyprus,0,0,1988,10,1,0,0,Democracy,14,0,124830,13,1124,664,286,0,6,1,2,1.5,665000,0
Cyprus,0,1,1996,10,1,0,0,Democracy,22,0,487000,10,1108,738,344,0,6,1,1,1,738000,0
Cyprus,1,0,1993,10,1,0,0,Democracy,19,0,489000,10,1150,718,311,0,6,1,1,1,718000,0
Cyprus,0,1,1993,10,1,0,0,Democracy,19,0,489000,10,1150,718,311,0,6,1,1,1,718000,0
Cyprus,0,0,1994,10,1,0,0,Democracy,20,0,511000,10,1311,726,322,0,6,1,1,1,726000,0
Czech Republic,0,0,1999,10,1,0,0,Democracy,6,5616,1115000,54,55477,10262,2172,0,4,1,2,1.5,10283000,0
Czech Republic,0,0,2000,10,1,0,0,Democracy,7,6216,1148000,58,55481,10244,2171,0,4,1,2,1.5,10273300,0
Czech Republic,0,0,2000,10,1,0,0,Democracy,7,6216,1148000,58,55481,10244,2171,0,4,1,2,1.5,10273300,0
Denmark,0,1,1985,10,1,0,0,Democracy,39,528,1187000,29,22750,5114,1131,0,10,1,1,1,5114000,0
Denmark,0,1,1981,10,1,0,0,Democracy,35,613,1446237,33,16827,5122,1095,0,10,1,1,1,5122000,0
Denmark,0,1,1981,10,1,0,0,Democracy,35,613,1446237,33,16827,5122,1095,0,10,1,1,1,5122000,0
Denmark,0,1,1987,10,1,0,0,Democracy,41,606,1570000,28,24776,5127,1144,0,10,1,1,1,5127000,0
Denmark,0,0,2000,10,1,0,0,Democracy,54,800,2395000,22,23853,5293,1128,0,12,1,1,1,5340000,0
Denmark,0,0,2000,10,1,0,0,Democracy,54,800,2395000,22,23853,5293,1128,0,12,1,1,1,5340000,0
Denmark,0,0,1999,10,1,0,0,Democracy,53,730,2661000,27,23866,5282,1126,0,12,1,1,1,5319000,0
Denmark,0,0,1992,10,1,0,0,Democracy,46,591,2790000,28,26417,5170,1220,0,12,1,1,1,5170000,0
Denmark,0,0,1998,10,1,0,0,Democracy,52,790,2903000,25,23879,5270,1194,0,12,1,1,1,5301000,0
Djibouti,0,0,1998,-6,0,0,1,Autocracy,21,0,22000,8,173,623,383,0,5,5,6,5.5,608150,0
Djibouti,0,1,1995,-7,0,0,1,Autocracy,18,0,22000,8,22,601,348,0,5,6,6,6,580000,0
Djibouti,0,1,1986,-8,0,0,1,Autocracy,9,0,29887,4,21,456,250,0,5,6,6,6,366130,0
Dominican Republic,0,0,1986,6,1,0,0,Democracy,8,0,68690,21,3683,6565,2009,0,7,1,3,2,6575820,0
Dominican Republic,0,0,1987,6,1,0,0,Democracy,9,0,76600,21,3972,6716,2055,0,7,1,3,2,6704390,0
Dominican Republic,0,0,1994,5,0,1,0,Anocracy,16,37,115000,22,4336,7769,2474,0,7,3,3,3,7561530,0
Ecuador,1,0,1980,9,1,0,0,Democracy,1,17,194100,35,9560,7961,2269,0,2,2,2,2,7961000,0
Ecuador,0,0,1984,8,1,0,0,Democracy,5,18,224021,39,12322,8868,3145,0,2,2,2,2,8867070,0
Ecuador,0,0,1981,9,1,0,0,Democracy,2,28,247996,34,10406,8183,2373,0,2,2,2,2,8183360,0
Ecuador,0,0,1991,9,1,0,0,Democracy,12,20,260920,53,11233,10502,3528,0,2,2,2,2,10498230,0
Ecuador,0,0,1995,9,1,0,0,Democracy,16,35,530000,58,14649,11460,4681,0,2,2,3,2.5,11460000,0
Ecuador,0,1,1995,9,1,0,0,Democracy,16,35,530000,58,14649,11460,4681,0,2,2,3,2.5,11460000,0
Ecuador,1,0,1997,8,1,0,0,Democracy,18,44,692000,58,10001,11937,5370,0,2,2,4,3,11937000,0
Ecuador,1,0,1998,9,1,0,0,Democracy,19,46,543000,58,10173,12175,5744,0,2,3,3,3,12175000,0
Egypt,0,0,1985,-5,0,1,0,Anocracy,33,954,4143000,466,38058,46473,12863,0.01,10,4,4,4,46511000,0
Egypt,0,0,1980,-6,0,0,1,Autocracy,28,800,1522906,447,25614,40578,12273,0.01,9,5,5,5,40875000,0
Egypt,0,0,1990,-3,0,1,0,Anocracy,38,2325,1570000,434,49564,53270,17654,0.01,10,5,4,4.5,52442000,0
Egypt,0,0,1991,-3,0,1,0,Anocracy,39,2541,1650000,434,50847,54531,17654,0.01,10,5,4,4.5,53616928,0
Egypt,0,0,1993,-3,0,1,0,Anocracy,41,2500,2070000,424,56102,56488,18529,0.01,10,5,6,5.5,55929592,0
Egypt,0,1,1993,-3,0,1,0,Anocracy,41,2500,2070000,424,56102,56488,18529,0.01,10,5,6,5.5,55929592,0
Egypt,0,0,1981,-5,0,1,0,Anocracy,29,902,2100986,447,28216,41614,12400,0.01,9,5,5,5,41935808,0
Egypt,0,0,1981,-5,0,1,0,Anocracy,29,902,2100986,447,28216,41614,12400,0.01,9,5,5,5,41935808,0
Egypt,0,0,1983,-5,0,1,0,Anocracy,31,199,3043087,447,32366,44180,14658,0.01,10,5,5,5,44168728,0
Egypt,0,0,1983,-5,0,1,0,Anocracy,31,199,3043087,447,32366,44180,14658,0.01,10,5,5,5,44168728,0
Egypt,0,0,1983,-5,0,1,0,Anocracy,31,199,3043087,447,32366,44180,14658,0.01,10,5,5,5,44168728,0
Egypt,1,0,1983,-5,0,1,0,Anocracy,31,199,3043087,447,32366,44180,14658,0.01,10,5,5,5,44168728,0
Egypt,0,0,1984,-5,0,1,0,Anocracy,32,1153,3786908,466,35696,45229,12758,0.01,10,5,5,5,45329488,0
Egypt,1,0,1989,-5,0,1,0,Anocracy,37,2114,4270000,450,46943,51477,16875,0.01,10,5,4,4.5,51257168,0
Egypt,0,1,1994,-3,0,1,0,Anocracy,42,2622,2234000,430,59128,57851,18581,0.01,10,6,6,6,57063528,0
Egypt,1,0,1995,-3,0,1,0,Anocracy,43,2642,2506000,430,62849,59226,18633,0.01,10,6,6,6,58180000,0
Egypt,1,0,1996,-3,0,1,0,Anocracy,44,2618,2742000,430,67314,60603,18685,0.01,10,6,6,6,59272000,0
Egypt,0,0,1999,-6,0,0,1,Autocracy,0,2627,2988000,430,50535,67226,19602,0.01,10,6,6,6,62770000,0
El Salvador,0,0,1993,7,1,0,0,Democracy,9,37,100000,49,2808,5393,1607,0,4,3,3,3,5423050,0
El Salvador,1,0,1989,6,1,0,0,Democracy,5,0,139230,45,3074,5193,1253,0,4,3,3,3,5022680,0
El Salvador,1,0,1997,7,1,0,0,Democracy,13,45,176000,15,2895,5928,1968,0,4,3,3,3,5911000,0
El Salvador,0,0,1985,6,1,0,0,Democracy,1,0,252000,48,3305,4856,970,0,4,3,5,4,4770000,0
Equatorial Guinea,1,0,2000,-5,0,1,0,Anocracy,31,0,4000,1,66,453,173,0,4,7,7,7,457000,0
Eritrea,1,0,1995,-6,0,0,1,Autocracy,2,0,40000,45,21,3171,392,0,5,6,5,5.5,3574000,0
Eritrea,1,0,1995,-6,0,0,1,Autocracy,2,0,40000,45,21,3171,392,0,5,6,5,5.5,3574000,0
Eritrea,0,0,1994,-6,0,0,1,Autocracy,1,0,41000,55,21,3084,375,0,5,6,5,5.5,3482430,0
Eritrea,1,0,1996,-6,0,0,1,Autocracy,3,0,61000,45,21,3280,410,0,5,6,4,5,3670000,0
Eritrea,1,0,1997,-6,0,0,1,Autocracy,4,0,196000,55,22,3409,429,0,5,6,4,5,3773000,0
Eritrea,0,0,1998,-6,0,0,1,Autocracy,5,0,297000,100,22,3577,449,0,5,6,4,5,3879000,0
Eritrea,1,0,1998,-6,0,0,1,Autocracy,5,0,297000,100,22,3577,449,0,5,6,4,5,3879000,0
Eritrea,1,0,1999,-6,0,0,1,Autocracy,6,0,309000,215,22,3719,469,0,5,6,4,5,3991000,0
Estonia,0,0,2000,6,1,0,0,Democracy,9,1,78000,5,7102,1396,500,0,7,1,2,1.5,1369500,0
Estonia,0,0,2000,6,1,0,0,Democracy,9,1,78000,5,7102,1396,500,0,7,1,2,1.5,1369500,0
Estonia,1,0,1992,6,1,0,0,Democracy,1,3,37300,3,7850,1544,578,0,7,2,3,2.5,1533000,0
Ethiopia,0,0,1988,-8,0,0,1,Autocracy,13,0,536300,250,100,48587,2123,0,7,6,7,6.5,47643232,0
Ethiopia,1,0,1980,-7,0,0,1,Autocracy,5,0,382043,250,82,31065,1720,0,7,7,7,7,37717000,0
Ethiopia,1,0,1986,-8,0,0,1,Autocracy,11,0,445860,300,99,45737,1894,0,7,7,7,7,44658928,0
Ethiopia,1,0,1985,-8,0,0,1,Autocracy,10,0,446860,240,98,44255,1748,0,7,7,7,7,43350000,0
Ethiopia,1,0,1982,-7,0,0,1,Autocracy,7,0,459086,240,94,32775,1662,0,7,7,7,7,39863320,0
Ethiopia,1,0,1987,-8,0,0,1,Autocracy,12,0,471590,300,100,47189,2122,0,7,7,7,7,46087060,0
Ethiopia,0,0,1987,-8,0,0,1,Autocracy,12,0,471590,300,100,47189,2122,0,7,7,7,7,46087060,0
Ethiopia,0,0,1983,-7,0,0,1,Autocracy,8,0,504325,240,99,33680,1969,0,7,7,7,7,40990000,0
Ethiopia,1,0,1984,-8,0,0,1,Autocracy,9,0,548706,190,97,42072,1687,0,7,7,7,7,42152320,0
Ethiopia,1,0,1984,-8,0,0,1,Autocracy,9,0,548706,190,97,42072,1687,0,7,7,7,7,42152320,0
Finland,0,0,2000,10,1,0,0,Democracy,56,4096,1560000,32,37184,5176,1412,0,7,1,1,1,5172000,0
Finland,0,0,2000,10,1,0,0,Democracy,56,4096,1560000,32,37184,5176,1412,0,7,1,1,1,5172000,0
France,1,0,1985,8,1,0,0,Democracy,16,19008,16716000,563,180073,55284,9239,0.02,12,1,2,1.5,55170000,1
France,0,0,1985,8,1,0,0,Democracy,16,19008,16716000,563,180073,55284,9239,0.02,12,1,2,1.5,55170000,1
France,1,0,1984,8,1,0,0,Democracy,15,19000,20212036,571,182525,55026,9121,0.02,12,1,2,1.5,54947000,1
France,1,0,1984,8,1,0,0,Democracy,15,19000,20212036,571,182525,55026,9121,0.02,12,1,2,1.5,54947000,1
France,0,0,1983,8,1,0,0,Democracy,14,17582,21654890,578,183801,54728,9004,0.02,12,1,2,1.5,54728000,1
France,0,0,1986,9,1,0,0,Democracy,17,17865,24230000,558,172273,55547,9359,0.02,12,1,2,1.5,55394000,1
France,0,0,1980,8,1,0,0,Democracy,11,23176,26424988,575,249515,53880,10225,0.02,12,1,2,1.5,53880000,1
France,0,0,1980,8,1,0,0,Democracy,11,23176,26424988,575,249515,53880,10225,0.02,12,1,2,1.5,53880000,1
France,0,0,1989,9,1,0,0,Democracy,20,16800,28580000,558,165002,56423,9728,0.02,12,1,2,1.5,56436000,1
France,1,0,1989,9,1,0,0,Democracy,20,16800,28580000,558,165002,56423,9728,0.02,12,1,2,1.5,56436000,1
France,0,0,1987,9,1,0,0,Democracy,18,17693,29580000,559,160434,55824,9480,0.02,12,1,2,1.5,55630000,1
France,0,1,1987,9,1,0,0,Democracy,18,17693,29580000,559,160434,55824,9480,0.02,12,1,2,1.5,55630000,1
France,0,0,1988,9,1,0,0,Democracy,19,19122,30700000,558,161416,56118,9603,0.02,12,1,2,1.5,55884000,1
France,0,1,1988,9,1,0,0,Democracy,19,19122,30700000,558,161416,56118,9603,0.02,12,1,2,1.5,55884000,1
France,0,0,2001,9,1,0,0,Democracy,32,19343,32909000,274,338281,59082,10523,0.02,14,1,2,1.5,59190600,1
France,0,0,2000,9,1,0,0,Democracy,31,20954,34053000,294,337539,59080,10462,0.02,14,1,2,1.5,58893000,1
France,0,0,2000,9,1,0,0,Democracy,31,20954,34053000,294,337539,59080,10462,0.02,14,1,2,1.5,58893000,1
France,0,0,1990,9,1,0,0,Democracy,21,19020,34790000,554,170048,56735,9854,0.02,13,1,2,1.5,56735000,1
France,1,0,1990,9,1,0,0,Democracy,21,19020,34790000,554,170048,56735,9854,0.02,13,1,2,1.5,56735000,1
France,0,0,1992,9,1,0,0,Democracy,23,18024,34870000,542,189907,57374,9986,0.02,12,1,2,1.5,57242300,1
France,0,1,1992,9,1,0,0,Democracy,23,18024,34870000,542,189907,57374,9986,0.02,12,1,2,1.5,57242300,1
France,0,0,1993,9,1,0,0,Democracy,24,17112,37200000,506,190923,57654,10053,0.02,14,1,2,1.5,57469500,1
France,0,0,1993,9,1,0,0,Democracy,24,17112,37200000,506,190923,57654,10053,0.02,14,1,2,1.5,57469500,1
France,0,0,1993,9,1,0,0,Democracy,24,17112,37200000,506,190923,57654,10053,0.02,14,1,2,1.5,57469500,1
France,0,0,1991,9,1,0,0,Democracy,22,18432,37340000,554,183698,57055,9920,0.02,12,1,2,1.5,56977500,1
France,0,0,1991,9,1,0,0,Democracy,22,18432,37340000,554,183698,57055,9920,0.02,12,1,2,1.5,56977500,1
France,0,0,1999,9,1,0,0,Democracy,30,20200,37811000,421,336803,58886,10402,0.02,14,1,2,1.5,58620000,1
France,0,0,1999,9,1,0,0,Democracy,30,20200,37811000,421,336803,58886,10402,0.02,14,1,2,1.5,58620000,1
France,0,0,1998,9,1,0,0,Democracy,29,20126,40834000,449,336064,58683,10346,0.02,14,1,2,1.5,58398000,1
France,0,0,1994,9,1,0,0,Democracy,25,18031,45184000,506,185745,57900,10121,0.02,14,1,2,1.5,57661200,1
Georgia,0,0,1999,5,0,1,0,Anocracy,8,7,111000,14,3594,5006,1911,0,5,3,4,3.5,5452000,0
Georgia,0,0,2000,5,0,1,0,Anocracy,0,7,290000,27,3614,4968,1909,0,5,3,4,3.5,5364930,0
Georgia,0,0,2000,5,0,1,0,Anocracy,0,7,290000,27,3614,4968,1909,0,5,3,4,3.5,5364930,0
Georgia,0,0,1997,5,0,1,0,Anocracy,6,104,109000,11,3239,5434,1915,0,5,4,4,4,5431000,0
Georgia,0,0,1996,5,0,1,0,Anocracy,5,82,110000,5,1148,5411,1917,0,5,4,5,4.5,5420000,0
Georgia,0,0,2001,5,0,1,0,Anocracy,0,7,265000,17,3635,4967,1907,0,5,4,4,4,5279250,0
Georgia,0,1,1992,4,0,1,0,Anocracy,1,529,850000,25,7942,5455,1923,0,5,6,5,5.5,5454900,0
Germany,0,0,2001,10,1,0,0,Democracy,11,44803,26902000,308,461815,82220,25390,0.03,16,1,2,1.5,82333000,1
Germany,0,0,2000,10,1,0,0,Democracy,10,46376,27924000,221,461503,82220,25347,0.03,16,1,2,1.5,82210000,1
Germany,0,0,2000,10,1,0,0,Democracy,10,46376,27924000,221,461503,82220,25347,0.03,16,1,2,1.5,82210000,1
Germany,0,0,1999,10,1,0,0,Democracy,9,42062,31182000,331,461193,82178,25304,0.03,16,1,2,1.5,82087000,1
Germany,0,0,1999,10,1,0,0,Democracy,9,42062,31182000,331,461193,82178,25304,0.03,16,1,2,1.5,82087000,1
Germany,0,0,1991,10,1,0,0,Democracy,1,42169,32300000,457,389310,79984,25888,0.03,16,1,2,1.5,80014000,1
Germany,0,0,1992,10,1,0,0,Democracy,2,39711,33380000,442,387025,80570,26105,0.03,16,1,2,1.5,80624000,1
Germany,0,0,1998,10,1,0,0,Democracy,8,44046,33802000,333,460822,82133,25386,0.03,16,1,2,1.5,82047000,1
Ghana,1,0,1982,-7,0,0,1,Autocracy,1,0,214087,9,5938,11521,1477,0,5,2,3,2.5,11358280,0
Ghana,0,0,1997,2,0,1,0,Anocracy,1,25,134000,7,2368,18338,2231,0,5,3,4,3.5,18048340,0
Ghana,0,0,1993,-1,0,1,0,Anocracy,1,19,51000,7,8920,16385,1980,0,5,5,5,5,16549970,0
Ghana,0,0,1994,-1,0,1,0,Anocracy,2,20,105000,7,9786,16856,2047,0,5,5,4,4.5,16945270,0
Ghana,0,0,1994,-1,0,1,0,Anocracy,2,20,105000,7,9786,16856,2047,0,5,5,4,4.5,16945270,0
Greece,0,0,1984,8,1,0,0,Democracy,9,772,2412598,197,26921,9896,2145,0,9,1,2,1.5,9896000,0
Greece,0,1,1983,8,1,0,0,Democracy,8,755,2526137,177,28310,9847,2127,0,9,1,2,1.5,9847000,0
Greece,0,1,1982,8,1,0,0,Democracy,7,910,2638747,186,28108,9790,2110,0,9,1,2,1.5,9790000,0
Greece,0,1,1982,8,1,0,0,Democracy,7,910,2638747,186,28108,9790,2110,0,9,1,2,1.5,9790000,0
Greece,1,0,1994,10,1,0,0,Democracy,19,848,3300000,206,33459,10426,2289,0,10,1,3,2,10426000,0
Greece,1,0,1994,10,1,0,0,Democracy,19,848,3300000,206,33459,10426,2289,0,10,1,3,2,10426000,0
Greece,0,0,1990,10,1,0,0,Democracy,15,999,3920000,201,33483,10161,2225,0,9,1,2,1.5,10161000,0
Greece,0,0,1992,10,1,0,0,Democracy,17,924,4400000,208,32364,10322,2256,0,10,1,2,1.5,10322000,0
Greece,0,1,1995,10,1,0,0,Democracy,20,939,5056000,213,34485,10454,2302,0,10,1,3,2,10458000,0
Greece,0,0,1999,10,1,0,0,Democracy,24,951,5206000,204,37750,10626,2356,0,10,1,3,2,10538000,0
Greece,0,0,1999,10,1,0,0,Democracy,24,951,5206000,204,37750,10626,2356,0,10,1,3,2,10538000,0
Greece,0,0,1999,10,1,0,0,Democracy,24,951,5206000,204,37750,10626,2356,0,10,1,3,2,10538000,0
Greece,0,0,2001,10,1,0,0,Democracy,26,1281,5517000,159,37778,10645,2378,0,10,1,3,2,10590870,0
Greece,0,0,2001,10,1,0,0,Democracy,26,1281,5517000,159,37778,10645,2378,0,10,1,3,2,10590870,0
Greece,0,0,2001,10,1,0,0,Democracy,26,1281,5517000,159,37778,10645,2378,0,10,1,3,2,10590870,0
Greece,0,0,2000,10,1,0,0,Democracy,25,1088,5528000,159,37764,10645,2367,0,10,1,3,2,10560000,0
Greece,0,0,2000,10,1,0,0,Democracy,25,1088,5528000,159,37764,10645,2367,0,10,1,3,2,10560000,0
Greece,0,0,2000,10,1,0,0,Democracy,25,1088,5528000,159,37764,10645,2367,0,10,1,3,2,10560000,0
Greece,0,0,2000,10,1,0,0,Democracy,25,1088,5528000,159,37764,10645,2367,0,10,1,3,2,10560000,0
Greece,0,0,1997,10,1,0,0,Democracy,22,1016,5552000,206,36134,10522,2329,0,10,1,3,2,10497000,0
Greece,1,0,1997,10,1,0,0,Democracy,22,1016,5552000,206,36134,10522,2329,0,10,1,3,2,10497000,0
Greece,0,0,1997,10,1,0,0,Democracy,22,1016,5552000,206,36134,10522,2329,0,10,1,3,2,10497000,0
Greece,0,0,1996,10,1,0,0,Democracy,21,848,5700000,212,40518,10475,2316,0,10,1,3,2,10475000,0
Greece,0,0,1998,10,1,0,0,Democracy,23,1109,5951000,202,37736,10600,2343,0,10,1,3,2,10515000,0
Greece,1,0,1986,10,1,0,0,Democracy,11,1009,1710000,202,31416,9967,2170,0,9,2,2,2,9964000,0
Greece,0,1,1986,10,1,0,0,Democracy,11,1009,1710000,202,31416,9967,2170,0,9,2,2,2,9964000,0
Greece,0,1,1987,10,1,0,0,Democracy,12,908,2130000,199,32378,10001,2183,0,9,2,2,2,10001000,0
Greece,0,1,1987,10,1,0,0,Democracy,12,908,2130000,199,32378,10001,2183,0,9,2,2,2,10001000,0
Greece,0,0,1981,8,1,0,0,Democracy,6,909,2512489,188,28617,9729,2092,0,9,2,2,2,9729000,0
Greece,0,0,1989,10,1,0,0,Democracy,14,960,3170000,201,32819,10090,2209,0,9,2,2,2,10090000,0
Guatemala,1,0,2000,8,1,0,0,Democracy,4,147,155000,31,4245,11385,1041,0,6,3,4,3.5,11385300,0
Guatemala,0,0,2000,8,1,0,0,Democracy,4,147,155000,31,4245,11385,1041,0,6,3,4,3.5,11385300,0
Guatemala,0,0,1997,8,1,0,0,Democracy,1,60,182000,30,3447,10517,1022,0,6,3,4,3.5,10517000,0
Guatemala,0,0,1993,3,0,1,0,Anocracy,7,18,113000,44,6414,10030,1054,0,6,4,5,4.5,9462610,0
Guatemala,0,0,1995,3,0,1,0,Anocracy,9,33,150000,36,6812,9976,1038,0,6,4,5,4.5,9976000,0
Guatemala,1,0,1982,-7,0,0,1,Autocracy,8,0,165114,30,4625,7315,785,0,6,6,6,6,7172060,0
Guatemala,1,0,1984,-6,0,0,1,Autocracy,0,0,181288,40,4717,7740,846,0,6,6,6,6,7544610,0
Guinea,1,0,2001,-1,0,1,0,Anocracy,6,0,45000,10,537,7429,912,0,6,6,5,5.5,7579660,0
Guinea,1,0,2000,-1,0,1,0,Anocracy,5,0,46000,10,538,7430,884,0,6,6,5,5.5,7415000,0
Guinea,0,0,1997,-1,0,1,0,Anocracy,2,0,51000,12,540,7614,797,0,6,6,5,5.5,6921560,0
Guinea,1,0,1996,-1,0,1,0,Anocracy,1,0,58000,12,1565,7518,769,0,6,6,5,5.5,6756600,0
Guinea,0,0,1999,-1,0,1,0,Anocracy,4,0,60000,12,539,7360,857,0,6,6,5,5.5,7250520,0
Guinea-Bissau,0,1,1990,-8,0,0,1,Autocracy,16,0,4430,12,141,964,129,0,2,6,6,6,946000,0
Guyana,0,0,1999,6,1,0,0,Democracy,7,0,7000,2,784,855,118,0,8,2,2,2,756340,0
Guyana,0,0,2000,6,1,0,0,Democracy,8,0,7000,2,790,861,120,0,8,2,2,2,761000,0
Guyana,0,0,2000,6,1,0,0,Democracy,8,0,7000,2,790,861,120,0,8,2,2,2,761000,0
Guyana,0,0,1981,-7,0,0,1,Autocracy,1,0,22000,7,280,766,0,0,8,4,4,4,762490,0
Guyana,0,1,1982,-7,0,0,1,Autocracy,2,0,23000,7,268,774,0,0,8,5,4,4.5,762310,0
Haiti,0,0,1987,-8,0,1,0,Anocracy,0,0,42000,8,1797,6113,774,0,5,5,4,4.5,6093380,0
Haiti,0,1,1993,-7,0,0,1,Autocracy,2,0,45180,8,1984,6903,1240,0,5,7,7,7,6860560,0
Honduras,0,0,1993,6,1,0,0,Democracy,11,8,44000,17,2015,5595,1399,0,7,2,3,2.5,5320820,0
Honduras,0,1,1991,6,1,0,0,Democracy,9,8,61000,17,2445,5265,1279,0,7,2,3,2.5,5021050,0
Honduras,0,1,1986,5,0,1,0,Anocracy,4,0,67500,20,2096,4514,1099,0,7,2,3,2.5,4314670,0
Honduras,0,0,1985,5,0,1,0,Anocracy,3,0,71580,21,2083,4372,1023,0,7,2,3,2.5,4183000,0
Honduras,1,0,1999,7,1,0,0,Democracy,17,8,95000,8,2377,6316,1858,0,7,2,3,2.5,6252630,0
Honduras,0,0,1988,5,0,1,0,Anocracy,6,0,124000,19,2382,4802,1410,0,7,2,3,2.5,4586650,0
Honduras,0,1,1989,6,1,0,0,Democracy,7,0,138000,19,2458,4951,1203,0,7,2,3,2.5,4726920,0
Honduras,0,1,1989,6,1,0,0,Democracy,7,0,138000,19,2458,4951,1203,0,7,2,3,2.5,4726920,0
Honduras,0,0,1995,6,1,0,0,Democracy,13,8,54000,17,2139,5953,1545,0,7,3,3,3,5625000,0
Honduras,0,1,1995,6,1,0,0,Democracy,13,8,54000,17,2139,5953,1545,0,7,3,3,3,5625000,0
Honduras,0,1,2000,7,1,0,0,Democracy,18,8,95000,8,2378,6485,1932,0,7,3,3,3,6417000,0
Honduras,0,0,2001,7,1,0,0,Democracy,19,8,96000,8,2379,6486,2008,0,7,3,3,3,6584730,0
Honduras,0,0,2001,7,1,0,0,Democracy,19,8,96000,8,2379,6486,2008,0,7,3,3,3,6584730,0
Honduras,0,1,1997,6,1,0,0,Democracy,15,8,101000,10,1920,6338,1694,0,7,3,3,3,5935100,0
Honduras,0,0,1981,4,0,1,0,Anocracy,0,0,45000,17,1806,3821,720,0,7,4,3,3.5,3685760,0
Hungary,0,0,1995,10,1,0,0,Democracy,5,1861,613000,60,32953,10229,3094,0,7,1,2,1.5,10229000,0
Hungary,0,0,1995,10,1,0,0,Democracy,5,1861,613000,60,32953,10229,3094,0,7,1,2,1.5,10229000,0
Hungary,0,0,1999,10,1,0,0,Democracy,9,1813,768000,51,35637,10076,2970,0,7,1,2,1.5,10068000,0
Hungary,0,0,1994,10,1,0,0,Democracy,4,1938,770000,60,29932,10261,3162,0,7,1,2,1.5,10261000,0
Hungary,0,0,2000,10,1,0,0,Democracy,10,1871,805000,44,35647,10036,2968,0,7,1,2,1.5,10122000,0
Hungary,0,0,2000,10,1,0,0,Democracy,10,1871,805000,44,35647,10036,2968,0,7,1,2,1.5,10122000,0
Hungary,0,0,1991,10,1,0,0,Democracy,1,1900,1240000,87,33142,10346,3230,0,6,2,2,2,10346000,0
Iceland,0,0,1998,10,1,0,0,Democracy,80,50,0,0,2439,276,108,0,2,1,1,1,274000,0
Iceland,0,0,2000,10,1,0,0,Democracy,82,50,0,0,2966,281,110,0,2,1,1,1,280000,0
Iceland,0,0,2000,10,1,0,0,Democracy,82,50,0,0,2966,281,110,0,2,1,1,1,280000,0
India,1,0,1980,8,1,0,0,Democracy,30,9428,4560701,1104,205295,673388,70792,0.05,11,2,2,2,687331968,0
India,0,1,1981,8,1,0,0,Democracy,31,10697,5022113,1104,221438,688320,71405,0.05,11,2,3,2.5,702821248,0
India,1,0,1981,8,1,0,0,Democracy,31,10697,5022113,1104,221438,688320,71405,0.05,11,2,3,2.5,702821248,0
India,0,0,1982,8,1,0,0,Democracy,32,10920,5278087,1120,237276,703572,82455,0.05,11,2,3,2.5,718425600,0
India,0,0,1983,8,1,0,0,Democracy,33,10139,5682888,1104,253023,719091,86256,0.05,11,2,3,2.5,734071936,0
India,0,0,1983,8,1,0,0,Democracy,33,10139,5682888,1104,253023,719091,86256,0.05,11,2,3,2.5,734071936,0
India,0,1,1985,8,1,0,0,Democracy,35,11187,6330000,1260,279761,750911,93984,0.06,11,2,3,2.5,765147008,0
India,1,0,1985,8,1,0,0,Democracy,35,11187,6330000,1260,279761,750911,93984,0.06,11,2,3,2.5,765147008,0
India,0,1,1984,8,1,0,0,Democracy,34,10348,6907034,1120,257017,734872,89909,0.05,11,2,3,2.5,749676928,0
India,0,1,1984,8,1,0,0,Democracy,34,10348,6907034,1120,257017,734872,89909,0.05,11,2,3,2.5,749676928,0
India,0,1,1984,8,1,0,0,Democracy,34,10348,6907034,1120,257017,734872,89909,0.05,11,2,3,2.5,749676928,0
India,0,1,1984,8,1,0,0,Democracy,34,10348,6907034,1120,257017,734872,89909,0.05,11,2,3,2.5,749676928,0
India,1,0,1986,8,1,0,0,Democracy,36,11058,7970000,1260,299279,767199,98599,0.06,11,2,3,2.5,781892992,0
India,1,0,1986,8,1,0,0,Democracy,36,11058,7970000,1260,299279,767199,98599,0.06,11,2,3,2.5,781892992,0
India,0,0,1991,8,1,0,0,Democracy,41,17577,8070000,1260,388181,851661,121673,0.06,11,2,3,2.5,866529984,0
India,0,0,1989,8,1,0,0,Democracy,39,15522,8940000,1260,358080,817488,112444,0.06,11,2,3,2.5,832534976,0
India,1,0,1987,8,1,0,0,Democracy,37,12262,9650000,1260,317425,783730,103214,0.06,11,2,3,2.5,798680000,0
India,0,0,1987,8,1,0,0,Democracy,37,12262,9650000,1260,317425,783730,103214,0.06,11,2,3,2.5,798680000,0
India,0,1,1987,8,1,0,0,Democracy,37,12262,9650000,1260,317425,783730,103214,0.06,11,2,3,2.5,798680000,0
India,1,0,1990,8,1,0,0,Democracy,40,16479,10100000,1260,371072,834697,117059,0.06,11,2,3,2.5,849515008,0
India,1,0,1999,9,1,0,0,Democracy,49,24296,13895000,1300,422575,998056,148158,0.07,11,2,3,2.5,999016000,0
India,0,1,2001,9,1,0,0,Democracy,51,27291,14167000,1263,422391,1013865,155021,0.07,11,2,3,2.5,1032354624,0
India,0,0,2001,9,1,0,0,Democracy,51,27291,14167000,1263,422391,1013865,155021,0.07,11,2,3,2.5,1032354624,0
India,0,1,1992,8,1,0,0,Democracy,42,18723,6700000,1260,411039,867818,124410,0.06,11,3,4,3.5,882820992,0
India,0,1,1993,8,1,0,0,Democracy,43,18616,7000000,1260,421368,883910,127732,0.06,11,3,4,3.5,899329024,0
India,0,1,1996,9,1,0,0,Democracy,46,23753,12079000,1260,497925,939540,137700,0.07,11,4,4,4,948758848,0
India,0,0,1996,9,1,0,0,Democracy,46,23753,12079000,1260,497925,939540,137700,0.07,11,4,4,4,948758848,0
Indonesia,1,0,2001,7,1,0,0,Democracy,2,2780,860000,297,113910,212149,59442,0.02,11,3,4,3.5,208981088,0
Indonesia,1,0,1988,-7,0,0,1,Autocracy,21,2050,1402000,284,124612,175589,22827,0.01,9,5,6,5.5,171994064,0
Indonesia,1,0,1990,-7,0,0,1,Autocracy,23,2892,1450000,283,191704,179483,23309,0.01,9,5,5,5,178232000,0
Indonesia,0,0,1980,-7,0,0,1,Autocracy,13,360,2073746,250,101255,147490,19910,0.01,9,5,5,5,148303008,0
Indonesia,1,0,1984,-7,0,0,1,Autocracy,17,1000,2419876,281,117676,161580,23456,0.01,9,5,5,5,160075456,0
Indonesia,1,0,1982,-7,0,0,1,Autocracy,15,500,2870010,280,103948,154662,21533,0.01,9,5,5,5,154244608,0
Indonesia,0,0,1999,7,1,0,0,Democracy,0,2891,1502000,296,114298,209255,55393,0.02,11,6,4,5,203568336,0
Indonesia,1,0,1992,-7,0,0,1,Autocracy,25,3171,1800000,283,194920,184491,24852,0.01,10,6,5,5.5,184322304,0
Indonesia,0,0,1996,-7,0,0,1,Autocracy,29,4109,4797000,280,237376,196813,37435,0.02,11,7,6,6.5,195457136,0
Iran,0,0,1981,-4,0,1,0,Anocracy,0,470,2500000,260,63493,40826,14583,0.01,11,5,5,5,40539888,0
Iran,1,0,1981,-4,0,1,0,Anocracy,0,470,2500000,260,63493,40826,14583,0.01,11,5,5,5,40539888,0
Iran,1,0,1981,-4,0,1,0,Anocracy,0,470,2500000,260,63493,40826,14583,0.01,11,5,5,5,40539888,0
Iran,0,0,1980,-2,0,1,0,Anocracy,0,565,3386907,305,80518,39291,13588,0.01,11,5,6,5.5,39124000,0
Iran,1,0,1980,-2,0,1,0,Anocracy,0,565,3386907,305,80518,39291,13588,0.01,11,5,6,5.5,39124000,0
Iran,1,0,1980,-2,0,1,0,Anocracy,0,565,3386907,305,80518,39291,13588,0.01,11,5,6,5.5,39124000,0
Iran,1,0,1986,-6,0,0,1,Autocracy,4,741,5900000,345,89258,49445,17979,0.01,11,5,6,5.5,48819472,0
Iran,1,0,1986,-6,0,0,1,Autocracy,4,741,5900000,345,89258,49445,17979,0.01,11,5,6,5.5,48819472,0
Iran,1,0,1986,-6,0,0,1,Autocracy,4,741,5900000,345,89258,49445,17979,0.01,11,5,6,5.5,48819472,0
Iran,0,0,1986,-6,0,0,1,Autocracy,4,741,5900000,345,89258,49445,17979,0.01,11,5,6,5.5,48819472,0
Iran,0,0,1986,-6,0,0,1,Autocracy,4,741,5900000,345,89258,49445,17979,0.01,11,5,6,5.5,48819472,0
Iran,1,0,1986,-6,0,0,1,Autocracy,4,741,5900000,345,89258,49445,17979,0.01,11,5,6,5.5,48819472,0
Iran,1,0,1986,-6,0,0,1,Autocracy,4,741,5900000,345,89258,49445,17979,0.01,11,5,6,5.5,48819472,0
Iran,1,0,1986,-6,0,0,1,Autocracy,4,741,5900000,345,89258,49445,17979,0.01,11,5,6,5.5,48819472,0
Iran,1,0,1986,-6,0,0,1,Autocracy,4,741,5900000,345,89258,49445,17979,0.01,11,5,6,5.5,48819472,0
Iran,1,0,1989,-6,0,0,1,Autocracy,7,1081,8600000,604,113258,53187,19730,0.01,11,5,6,5.5,53227960,0
Iran,0,0,1989,-6,0,0,1,Autocracy,7,1081,8600000,604,113258,53187,19730,0.01,11,5,6,5.5,53227960,0
Iran,0,1,1989,-6,0,0,1,Autocracy,7,1081,8600000,604,113258,53187,19730,0.01,11,5,6,5.5,53227960,0
Iran,1,0,1987,-6,0,0,1,Autocracy,5,783,8960000,350,94396,50662,18595,0.01,11,5,6,5.5,50423952,0
Iran,1,0,1987,-6,0,0,1,Autocracy,5,783,8960000,350,94396,50662,18595,0.01,11,5,6,5.5,50423952,0
Iran,1,0,1987,-6,0,0,1,Autocracy,5,783,8960000,350,94396,50662,18595,0.01,11,5,6,5.5,50423952,0
Iran,1,0,1987,-6,0,0,1,Autocracy,5,783,8960000,350,94396,50662,18595,0.01,11,5,6,5.5,50423952,0
Iran,1,0,1987,-6,0,0,1,Autocracy,5,783,8960000,350,94396,50662,18595,0.01,11,5,6,5.5,50423952,0
Iran,1,0,1987,-6,0,0,1,Autocracy,5,783,8960000,350,94396,50662,18595,0.01,11,5,6,5.5,50423952,0
Iran,1,0,1987,-6,0,0,1,Autocracy,5,783,8960000,350,94396,50662,18595,0.01,11,5,6,5.5,50423952,0
Iran,1,0,1987,-6,0,0,1,Autocracy,5,783,8960000,350,94396,50662,18595,0.01,11,5,6,5.5,50423952,0
Iran,1,0,1987,-6,0,0,1,Autocracy,5,783,8960000,350,94396,50662,18595,0.01,11,5,6,5.5,50423952,0
Iran,1,0,1987,-6,0,0,1,Autocracy,5,783,8960000,350,94396,50662,18595,0.01,11,5,6,5.5,50423952,0
Iran,1,0,1987,-6,0,0,1,Autocracy,5,783,8960000,350,94396,50662,18595,0.01,11,5,6,5.5,50423952,0
Iran,1,0,1987,-6,0,0,1,Autocracy,5,783,8960000,350,94396,50662,18595,0.01,11,5,6,5.5,50423952,0
Iran,1,0,1987,-6,0,0,1,Autocracy,5,783,8960000,350,94396,50662,18595,0.01,11,5,6,5.5,50423952,0
Iran,1,0,1987,-6,0,0,1,Autocracy,5,783,8960000,350,94396,50662,18595,0.01,11,5,6,5.5,50423952,0
Iran,1,0,1987,-6,0,0,1,Autocracy,5,783,8960000,350,94396,50662,18595,0.01,11,5,6,5.5,50423952,0
Iran,1,0,1987,-6,0,0,1,Autocracy,5,783,8960000,350,94396,50662,18595,0.01,11,5,6,5.5,50423952,0
Iran,1,0,1987,-6,0,0,1,Autocracy,5,783,8960000,350,94396,50662,18595,0.01,11,5,6,5.5,50423952,0
Iran,1,0,1987,-6,0,0,1,Autocracy,5,783,8960000,350,94396,50662,18595,0.01,11,5,6,5.5,50423952,0
Iran,1,0,1987,-6,0,0,1,Autocracy,5,783,8960000,350,94396,50662,18595,0.01,11,5,6,5.5,50423952,0
Iran,1,0,1987,-6,0,0,1,Autocracy,5,783,8960000,350,94396,50662,18595,0.01,11,5,6,5.5,50423952,0
Iran,1,0,1987,-6,0,0,1,Autocracy,5,783,8960000,350,94396,50662,18595,0.01,11,5,6,5.5,50423952,0
Iran,1,0,1987,-6,0,0,1,Autocracy,5,783,8960000,350,94396,50662,18595,0.01,11,5,6,5.5,50423952,0
Iran,1,0,1987,-6,0,0,1,Autocracy,5,783,8960000,350,94396,50662,18595,0.01,11,5,6,5.5,50423952,0
Iran,1,0,1987,-6,0,0,1,Autocracy,5,783,8960000,350,94396,50662,18595,0.01,11,5,6,5.5,50423952,0
Iran,1,0,1987,-6,0,0,1,Autocracy,5,783,8960000,350,94396,50662,18595,0.01,11,5,6,5.5,50423952,0
Iran,0,0,1987,-6,0,0,1,Autocracy,5,783,8960000,350,94396,50662,18595,0.01,11,5,6,5.5,50423952,0
Iran,1,0,1988,-6,0,0,1,Autocracy,6,883,9900000,654,102185,51909,19118,0.01,11,5,6,5.5,51898220,0
Iran,1,0,1988,-6,0,0,1,Autocracy,6,883,9900000,654,102185,51909,19118,0.01,11,5,6,5.5,51898220,0
Iran,1,0,1988,-6,0,0,1,Autocracy,6,883,9900000,654,102185,51909,19118,0.01,11,5,6,5.5,51898220,0
Iran,0,0,1988,-6,0,0,1,Autocracy,6,883,9900000,654,102185,51909,19118,0.01,11,5,6,5.5,51898220,0
Iran,1,0,1988,-6,0,0,1,Autocracy,6,883,9900000,654,102185,51909,19118,0.01,11,5,6,5.5,51898220,0
Iran,1,0,1988,-6,0,0,1,Autocracy,6,883,9900000,654,102185,51909,19118,0.01,11,5,6,5.5,51898220,0
Iran,1,0,1988,-6,0,0,1,Autocracy,6,883,9900000,654,102185,51909,19118,0.01,11,5,6,5.5,51898220,0
Iran,1,0,1988,-6,0,0,1,Autocracy,6,883,9900000,654,102185,51909,19118,0.01,11,5,6,5.5,51898220,0
Iran,1,0,1985,-6,0,0,1,Autocracy,3,764,14091000,345,98535,47820,17788,0.01,11,5,6,5.5,47100000,0
Iran,0,0,1985,-6,0,0,1,Autocracy,3,764,14091000,345,98535,47820,17788,0.01,11,5,6,5.5,47100000,0
Iran,1,0,1985,-6,0,0,1,Autocracy,3,764,14091000,345,98535,47820,17788,0.01,11,5,6,5.5,47100000,0
Iran,0,0,1985,-6,0,0,1,Autocracy,3,764,14091000,345,98535,47820,17788,0.01,11,5,6,5.5,47100000,0
Iran,1,0,1985,-6,0,0,1,Autocracy,3,764,14091000,345,98535,47820,17788,0.01,11,5,6,5.5,47100000,0
Iran,1,0,1985,-6,0,0,1,Autocracy,3,764,14091000,345,98535,47820,17788,0.01,11,5,6,5.5,47100000,0
Iran,1,0,1985,-6,0,0,1,Autocracy,3,764,14091000,345,98535,47820,17788,0.01,11,5,6,5.5,47100000,0
Iran,1,0,1985,-6,0,0,1,Autocracy,3,764,14091000,345,98535,47820,17788,0.01,11,5,6,5.5,47100000,0
Iran,1,0,1985,-6,0,0,1,Autocracy,3,764,14091000,345,98535,47820,17788,0.01,11,5,6,5.5,47100000,0
Iran,1,0,1985,-6,0,0,1,Autocracy,3,764,14091000,345,98535,47820,17788,0.01,11,5,6,5.5,47100000,0
Iran,1,0,1985,-6,0,0,1,Autocracy,3,764,14091000,345,98535,47820,17788,0.01,11,5,6,5.5,47100000,0
Iran,0,0,1993,-6,0,0,1,Autocracy,11,3672,1516000,528,154366,58481,22080,0.01,14,6,6,6,57088352,0
Iran,0,0,1993,-6,0,0,1,Autocracy,11,3672,1516000,528,154366,58481,22080,0.01,14,6,6,6,57088352,0
Iran,1,0,1993,-6,0,0,1,Autocracy,11,3672,1516000,528,154366,58481,22080,0.01,14,6,6,6,57088352,0
Iran,1,0,1992,-6,0,0,1,Autocracy,10,2917,2300000,528,151240,57153,20733,0.01,14,6,5,5.5,56177792,0
Iran,0,0,1992,-6,0,0,1,Autocracy,10,2917,2300000,528,151240,57153,20733,0.01,14,6,5,5.5,56177792,0
Iran,0,1,1994,-6,0,0,1,Autocracy,12,4498,2340000,528,185306,59778,23514,0.01,14,6,7,6.5,58013680,0
Iran,1,0,1994,-6,0,0,1,Autocracy,12,4498,2340000,528,185306,59778,23514,0.01,14,6,7,6.5,58013680,0
Iran,0,0,1995,-6,0,0,1,Autocracy,13,4696,3000000,530,184200,68365,24327,0.01,14,6,7,6.5,58954000,0
Iran,1,0,1996,-6,0,0,1,Autocracy,14,5415,3442000,540,194313,61128,25169,0.01,14,6,7,6.5,59879340,0
Iran,0,1,1996,-6,0,0,1,Autocracy,14,5415,3442000,540,194313,61128,25169,0.01,14,6,7,6.5,59879340,0
Iran,0,0,1997,3,0,1,0,Anocracy,0,6322,4695000,575,137963,60694,25901,0.01,14,6,7,6.5,60875000,0
Iran,1,0,1997,3,0,1,0,Anocracy,0,6322,4695000,575,137963,60694,25901,0.01,14,6,7,6.5,60875000,0
Iran,0,0,1997,3,0,1,0,Anocracy,0,6322,4695000,575,137963,60694,25901,0.01,14,6,7,6.5,60875000,0
Iran,0,0,2001,3,0,1,0,Anocracy,4,6916,4698000,513,141967,67727,28786,0.01,14,6,6,6,64530000,0
Iran,0,0,2001,3,0,1,0,Anocracy,4,6916,4698000,513,141967,67727,28786,0.01,14,6,6,6,64530000,0
Iran,1,0,1999,3,0,1,0,Anocracy,2,6070,5711000,460,142639,66796,27431,0.01,14,6,6,6,62764000,0
Iran,0,1,1999,3,0,1,0,Anocracy,2,6070,5711000,460,142639,66796,27431,0.01,14,6,6,6,62764000,0
Iran,1,0,1999,3,0,1,0,Anocracy,2,6070,5711000,460,142639,66796,27431,0.01,14,6,6,6,62764000,0
Iran,0,0,1991,-6,0,0,1,Autocracy,9,2203,5800000,465,143658,55837,20297,0.01,15,6,5,5.5,55281752,0
Iran,0,1,1998,3,0,1,0,Anocracy,1,5602,5879000,460,142976,65758,26655,0.01,14,6,7,6.5,61850000,0
Iran,0,0,1983,-6,0,0,1,Autocracy,1,703,14903087,240,83064,44077,16403,0.01,11,6,6,6,43596620,0
Iran,0,0,1983,-6,0,0,1,Autocracy,1,703,14903087,240,83064,44077,16403,0.01,11,6,6,6,43596620,0
Iran,0,1,1983,-6,0,0,1,Autocracy,1,703,14903087,240,83064,44077,16403,0.01,11,6,6,6,43596620,0
Iran,0,1,1982,-6,0,0,1,Autocracy,0,672,15550982,240,76246,42420,15651,0.01,11,6,6,6,42023420,0
Iran,0,0,1982,-6,0,0,1,Autocracy,0,672,15550982,240,76246,42420,15651,0.01,11,6,6,6,42023420,0
Iran,1,0,1984,-6,0,0,1,Autocracy,2,784,20162342,335,93005,45798,17596,0.01,11,6,6,6,45281472,0
Iran,1,0,1984,-6,0,0,1,Autocracy,2,784,20162342,335,93005,45798,17596,0.01,11,6,6,6,45281472,0
Iran,1,0,1984,-6,0,0,1,Autocracy,2,784,20162342,335,93005,45798,17596,0.01,11,6,6,6,45281472,0
Iran,1,0,1984,-6,0,0,1,Autocracy,2,784,20162342,335,93005,45798,17596,0.01,11,6,6,6,45281472,0
Iran,0,0,1984,-6,0,0,1,Autocracy,2,784,20162342,335,93005,45798,17596,0.01,11,6,6,6,45281472,0
Iran,1,0,1984,-6,0,0,1,Autocracy,2,784,20162342,335,93005,45798,17596,0.01,11,6,6,6,45281472,0
Iran,1,0,1984,-6,0,0,1,Autocracy,2,784,20162342,335,93005,45798,17596,0.01,11,6,6,6,45281472,0
Iraq,0,0,1981,-9,0,0,1,Autocracy,57,45,7958609,392,18606,13669,7691,0.01,8,6,7,6.5,13439680,0
Iraq,0,0,1981,-9,0,0,1,Autocracy,57,45,7958609,392,18606,13669,7691,0.01,8,6,7,6.5,13439680,0
Iraq,1,0,1982,-9,0,0,1,Autocracy,58,45,8043998,404,18297,14110,8312,0.01,8,6,7,6.5,13881800,0
Iraq,1,0,1982,-9,0,0,1,Autocracy,58,45,8043998,404,18297,14110,8312,0.01,8,6,7,6.5,13881800,0
Iraq,0,0,1982,-9,0,0,1,Autocracy,58,45,8043998,404,18297,14110,8312,0.01,8,6,7,6.5,13881800,0
Iraq,1,0,1984,-9,0,0,1,Autocracy,60,0,13831087,788,26632,15077,9707,0.01,8,6,7,6.5,14815040,0
Iraq,1,0,1984,-9,0,0,1,Autocracy,60,0,13831087,788,26632,15077,9707,0.01,8,6,7,6.5,14815040,0
Iraq,1,0,1984,-9,0,0,1,Autocracy,60,0,13831087,788,26632,15077,9707,0.01,8,6,7,6.5,14815040,0
Iraq,1,0,1984,-9,0,0,1,Autocracy,60,0,13831087,788,26632,15077,9707,0.01,8,6,7,6.5,14815040,0
Iraq,1,0,1984,-9,0,0,1,Autocracy,60,0,13831087,788,26632,15077,9707,0.01,8,6,7,6.5,14815040,0
Iraq,1,0,1984,-9,0,0,1,Autocracy,60,0,13831087,788,26632,15077,9707,0.01,8,6,7,6.5,14815040,0
Iraq,1,0,1984,-9,0,0,1,Autocracy,60,0,13831087,788,26632,15077,9707,0.01,8,6,7,6.5,14815040,0
Iraq,1,0,1984,-9,0,0,1,Autocracy,60,0,13831087,788,26632,15077,9707,0.01,8,6,7,6.5,14815040,0
Iraq,1,0,1984,-9,0,0,1,Autocracy,60,0,13831087,788,26632,15077,9707,0.01,8,6,7,6.5,14815040,0
Iraq,1,0,1983,-9,0,0,1,Autocracy,59,0,13992223,434,25130,14586,8982,0.01,8,6,7,6.5,14337870,0
Iraq,0,1,1995,-9,0,0,1,Autocracy,71,0,1250000,450,46976,20095,15130,0.01,8,7,7,7,20779000,0
Iraq,0,1,1997,-9,0,0,1,Autocracy,73,0,1250000,400,35375,21177,15862,0.01,8,7,7,7,21847000,0
Iraq,0,1,1997,-9,0,0,1,Autocracy,73,0,1250000,400,35375,21177,15862,0.01,8,7,7,7,21847000,0
Iraq,0,1,1996,-9,0,0,1,Autocracy,72,0,1277000,450,47238,20607,15492,0.01,8,7,7,7,21313000,0
Iraq,0,1,1996,-9,0,0,1,Autocracy,72,0,1277000,450,47238,20607,15492,0.01,8,7,7,7,21313000,0
Iraq,1,0,1996,-9,0,0,1,Autocracy,72,0,1277000,450,47238,20607,15492,0.01,8,7,7,7,21313000,0
Iraq,0,1,1996,-9,0,0,1,Autocracy,72,0,1277000,450,47238,20607,15492,0.01,8,7,7,7,21313000,0
Iraq,0,1,2001,-9,0,0,1,Autocracy,77,0,1372000,424,35934,23122,17553,0.01,8,7,7,7,23750180,0
Iraq,0,1,2000,-9,0,0,1,Autocracy,76,0,1400000,429,35961,23115,17085,0.01,8,7,7,7,23263840,0
Iraq,0,0,2000,-9,0,0,1,Autocracy,76,0,1400000,429,35961,23115,17085,0.01,8,7,7,7,23263840,0
Iraq,0,0,1999,-9,0,0,1,Autocracy,75,0,1500000,420,35989,22450,16629,0.01,8,7,7,7,22796510,0
Iraq,0,1,1999,-9,0,0,1,Autocracy,75,0,1500000,420,35989,22450,16629,0.01,8,7,7,7,22796510,0
Iraq,0,1,1999,-9,0,0,1,Autocracy,75,0,1500000,420,35989,22450,16629,0.01,8,7,7,7,22796510,0
Iraq,0,0,1999,-9,0,0,1,Autocracy,75,0,1500000,420,35989,22450,16629,0.01,8,7,7,7,22796510,0
Iraq,0,1,1992,-9,0,0,1,Autocracy,68,0,2500000,407,32595,18898,14016,0.01,8,7,7,7,19196960,0
Iraq,0,1,1992,-9,0,0,1,Autocracy,68,0,2500000,407,32595,18898,14016,0.01,8,7,7,7,19196960,0
Iraq,1,0,1992,-9,0,0,1,Autocracy,68,0,2500000,407,32595,18898,14016,0.01,8,7,7,7,19196960,0
Iraq,0,1,1993,-9,0,0,1,Autocracy,69,0,2600000,407,40154,19261,14392,0.01,8,7,7,7,19739090,0
Iraq,0,1,1993,-9,0,0,1,Autocracy,69,0,2600000,407,40154,19261,14392,0.01,8,7,7,7,19739090,0
Iraq,0,0,1994,-9,0,0,1,Autocracy,70,0,2748000,425,45505,19650,14777,0.01,8,7,7,7,20267090,0
Iraq,0,1,1994,-9,0,0,1,Autocracy,70,0,2748000,425,45505,19650,14777,0.01,8,7,7,7,20267090,0
Iraq,0,1,1994,-9,0,0,1,Autocracy,70,0,2748000,425,45505,19650,14777,0.01,8,7,7,7,20267090,0
Iraq,0,1,1980,-9,0,0,1,Autocracy,56,260,3386780,430,28896,13238,7117,0.01,8,7,7,7,13007000,0
Iraq,1,0,1990,-9,0,0,1,Autocracy,66,0,8610000,1390,37196,18078,13294,0.01,8,7,6,6.5,18078000,0
Iraq,1,0,1990,-9,0,0,1,Autocracy,66,0,8610000,1390,37196,18078,13294,0.01,8,7,6,6.5,18078000,0
Iraq,1,0,1989,-9,0,0,1,Autocracy,65,0,11000000,1000,47706,17428,12947,0.01,8,7,7,7,17505050,0
Iraq,0,1,1989,-9,0,0,1,Autocracy,65,0,11000000,1000,47706,17428,12947,0.01,8,7,7,7,17505050,0
Iraq,1,0,1986,-9,0,0,1,Autocracy,62,0,11579000,800,30884,16110,11336,0.01,8,7,7,7,15840270,0
Iraq,1,0,1986,-9,0,0,1,Autocracy,62,0,11579000,800,30884,16110,11336,0.01,8,7,7,7,15840270,0
Iraq,1,0,1986,-9,0,0,1,Autocracy,62,0,11579000,800,30884,16110,11336,0.01,8,7,7,7,15840270,0
Iraq,1,0,1985,-9,0,0,1,Autocracy,61,0,12870000,788,29786,15585,10490,0.01,8,7,7,7,15317000,0
Iraq,1,0,1985,-9,0,0,1,Autocracy,61,0,12870000,788,29786,15585,10490,0.01,8,7,7,7,15317000,0
Iraq,1,0,1985,-9,0,0,1,Autocracy,61,0,12870000,788,29786,15585,10490,0.01,8,7,7,7,15317000,0
Iraq,1,0,1985,-9,0,0,1,Autocracy,61,0,12870000,788,29786,15585,10490,0.01,8,7,7,7,15317000,0
Iraq,1,0,1985,-9,0,0,1,Autocracy,61,0,12870000,788,29786,15585,10490,0.01,8,7,7,7,15317000,0
Iraq,1,0,1985,-9,0,0,1,Autocracy,61,0,12870000,788,29786,15585,10490,0.01,8,7,7,7,15317000,0
Iraq,1,0,1985,-9,0,0,1,Autocracy,61,0,12870000,788,29786,15585,10490,0.01,8,7,7,7,15317000,0
Iraq,1,0,1985,-9,0,0,1,Autocracy,61,0,12870000,788,29786,15585,10490,0.01,8,7,7,7,15317000,0
Iraq,1,0,1988,-9,0,0,1,Autocracy,64,0,12870000,1000,44260,16882,12594,0.01,8,7,7,7,16937870,0
Iraq,1,0,1988,-9,0,0,1,Autocracy,64,0,12870000,1000,44260,16882,12594,0.01,8,7,7,7,16937870,0
Iraq,1,0,1988,-9,0,0,1,Autocracy,64,0,12870000,1000,44260,16882,12594,0.01,8,7,7,7,16937870,0
Iraq,1,0,1988,-9,0,0,1,Autocracy,64,0,12870000,1000,44260,16882,12594,0.01,8,7,7,7,16937870,0
Iraq,1,0,1988,-9,0,0,1,Autocracy,64,0,12870000,1000,44260,16882,12594,0.01,8,7,7,7,16937870,0
Iraq,0,0,1991,-9,0,0,1,Autocracy,67,0,12900000,475,22356,18514,13650,0.01,8,7,7,7,18642610,0
Iraq,1,0,1991,-9,0,0,1,Autocracy,67,0,12900000,475,22356,18514,13650,0.01,8,7,7,7,18642610,0
Iraq,0,0,1991,-9,0,0,1,Autocracy,67,0,12900000,475,22356,18514,13650,0.01,8,7,7,7,18642610,0
Iraq,0,1,1991,-9,0,0,1,Autocracy,67,0,12900000,475,22356,18514,13650,0.01,8,7,7,7,18642610,0
Iraq,0,1,1991,-9,0,0,1,Autocracy,67,0,12900000,475,22356,18514,13650,0.01,8,7,7,7,18642610,0
Iraq,1,0,1987,-9,0,0,1,Autocracy,63,0,13990000,900,36392,16330,12251,0.01,8,7,7,7,16381580,0
Iraq,1,0,1987,-9,0,0,1,Autocracy,63,0,13990000,900,36392,16330,12251,0.01,8,7,7,7,16381580,0
Iraq,1,0,1987,-9,0,0,1,Autocracy,63,0,13990000,900,36392,16330,12251,0.01,8,7,7,7,16381580,0
Iraq,1,0,1987,-9,0,0,1,Autocracy,63,0,13990000,900,36392,16330,12251,0.01,8,7,7,7,16381580,0
Iraq,1,0,1987,-9,0,0,1,Autocracy,63,0,13990000,900,36392,16330,12251,0.01,8,7,7,7,16381580,0
Iraq,1,0,1987,-9,0,0,1,Autocracy,63,0,13990000,900,36392,16330,12251,0.01,8,7,7,7,16381580,0
Iraq,1,0,1987,-9,0,0,1,Autocracy,63,0,13990000,900,36392,16330,12251,0.01,8,7,7,7,16381580,0
Iraq,1,0,1987,-9,0,0,1,Autocracy,63,0,13990000,900,36392,16330,12251,0.01,8,7,7,7,16381580,0
Iraq,1,0,1987,-9,0,0,1,Autocracy,63,0,13990000,900,36392,16330,12251,0.01,8,7,7,7,16381580,0
Iraq,1,0,1987,-9,0,0,1,Autocracy,63,0,13990000,900,36392,16330,12251,0.01,8,7,7,7,16381580,0
Ireland,1,0,1984,10,1,0,0,Democracy,63,166,283419,13,7735,3529,644,0,2,1,1,1,3529000,0
Ireland,1,0,1985,10,1,0,0,Democracy,64,203,295170,14,8222,3540,639,0,2,1,1,1,3540000,0
Ireland,0,0,2000,10,1,0,0,Democracy,79,360,629000,12,18338,3730,644,0,2,1,1,1,3794000,0
Ireland,0,0,2000,10,1,0,0,Democracy,79,360,629000,12,18338,3730,644,0,2,1,1,1,3794000,0
Israel,0,0,1998,9,1,0,0,Democracy,50,280,9339000,175,24187,5984,2610,0,7,1,3,2,5963000,0
Israel,0,1,1985,9,1,0,0,Democracy,37,100,4225000,195,12879,4233,1955,0,7,2,2,2,4233000,0
Israel,1,0,1985,9,1,0,0,Democracy,37,100,4225000,195,12879,4233,1955,0,7,2,2,2,4233000,0
Israel,0,0,1991,9,1,0,0,Democracy,43,160,5000000,190,15990,4949,2263,0,7,2,2,2,4949000,0
Israel,1,0,1987,9,1,0,0,Democracy,39,116,5140000,180,13391,4369,1988,0,7,2,2,2,4369000,0
Israel,0,1,1980,9,1,0,0,Democracy,32,115,5178093,196,9629,3878,1663,0,7,2,2,2,3878000,0
Israel,0,0,1980,9,1,0,0,Democracy,32,115,5178093,196,9629,3878,1663,0,7,2,2,2,3878000,0
Israel,1,0,1986,9,1,0,0,Democracy,38,110,5560000,180,12880,4299,1965,0,7,2,2,2,4299000,0
Israel,0,0,1981,9,1,0,0,Democracy,33,120,5815043,201,9743,3948,1709,0,7,2,2,2,3956000,0
Israel,0,0,1981,9,1,0,0,Democracy,33,120,5815043,201,9743,3948,1709,0,7,2,2,2,3956000,0
Israel,0,0,1981,9,1,0,0,Democracy,33,120,5815043,201,9743,3948,1709,0,7,2,2,2,3956000,0
Israel,0,1,1989,9,1,0,0,Democracy,41,118,6020000,191,14038,4518,2100,0,7,2,2,2,4518000,0
Israel,1,0,1990,9,1,0,0,Democracy,42,144,6160000,190,15238,4660,2177,0,7,2,2,2,4660000,0
Israel,0,1,1990,9,1,0,0,Democracy,42,144,6160000,190,15238,4660,2177,0,7,2,2,2,4660000,0
Israel,0,1,1983,9,1,0,0,Democracy,35,150,6310213,205,12636,4076,1795,0,7,2,2,2,4105000,0
Israel,0,0,1983,9,1,0,0,Democracy,35,150,6310213,205,12636,4076,1795,0,7,2,2,2,4105000,0
Israel,1,0,1993,9,1,0,0,Democracy,45,160,7296000,181,22746,5261,2389,0,7,2,2,2,5261000,0
Israel,1,0,1982,9,1,0,0,Democracy,34,120,8241308,205,12609,4027,1798,0,7,2,2,2,4031000,0
Israel,1,0,1982,9,1,0,0,Democracy,34,120,8241308,205,12609,4027,1798,0,7,2,2,2,4031000,0
Italy,0,1,1985,10,1,0,0,Democracy,37,23898,8579000,504,163647,57141,15657,0.02,11,1,1,1,56593000,0
Italy,0,1,1985,10,1,0,0,Democracy,37,23898,8579000,504,163647,57141,15657,0.02,11,1,1,1,56593000,0
Italy,0,0,1982,10,1,0,0,Democracy,34,24009,9089741,517,172671,56639,15769,0.02,11,1,2,1.5,56544000,0
Italy,0,1,1987,10,1,0,0,Democracy,39,22859,13360000,504,170663,57345,15660,0.02,11,1,1,1,56602000,0
Italy,0,0,1990,10,1,0,0,Democracy,42,25452,19580000,493,200364,57661,15690,0.02,11,1,1,1,56719000,0
Italy,0,0,1992,10,1,0,0,Democracy,44,24744,19890000,471,205285,56859,15743,0.02,14,1,1,1,56859000,0
Italy,0,0,2000,10,1,0,0,Democracy,52,26759,20488000,251,238992,57298,15958,0.02,15,1,2,1.5,57690000,0
Italy,0,0,2000,10,1,0,0,Democracy,52,26759,20488000,251,238992,57298,15958,0.02,15,1,2,1.5,57690000,0
Italy,0,0,1993,10,1,0,0,Democracy,45,25848,20570000,450,204476,57049,15770,0.02,15,1,2,1.5,57049000,0
Italy,0,0,1999,10,1,0,0,Democracy,51,24878,22664000,391,238877,57343,15940,0.02,15,1,2,1.5,57646000,0
Italy,0,0,1999,10,1,0,0,Democracy,51,24878,22664000,391,238877,57343,15940,0.02,15,1,2,1.5,57646000,0
Italy,0,0,1998,10,1,0,0,Democracy,50,25714,23943000,402,238756,57369,15911,0.02,15,1,2,1.5,57588000,0
Italy,0,0,1980,10,1,0,0,Democracy,32,26501,9577908,500,186197,56434,16143,0.02,11,2,2,2,56434000,0
Ivory Coast,0,1,1996,-6,0,0,1,Autocracy,36,0,96000,15,10040,14781,3559,0,5,6,5,5.5,14305250,0
Ivory Coast,0,0,1993,-7,0,0,1,Autocracy,33,0,126000,15,8488,13175,3236,0,5,6,4,5,13036540,0
Ivory Coast,0,0,1990,-7,0,0,1,Autocracy,30,0,128583,15,8024,11717,2795,0,5,6,5,5.5,11800000,0
Jamaica,0,0,1983,10,1,0,0,Democracy,24,0,39014,3,1756,2241,131,0,7,2,3,2.5,2240800,0
Japan,0,1,1982,10,1,0,0,Democracy,30,99548,11038627,243,384440,118480,66858,0.05,6,1,1,1,118449000,0
Japan,0,1,1982,10,1,0,0,Democracy,30,99548,11038627,243,384440,118480,66858,0.05,6,1,1,1,118449000,0
Japan,0,1,1982,10,1,0,0,Democracy,30,99548,11038627,243,384440,118480,66858,0.05,6,1,1,1,118449000,0
Japan,0,0,1982,10,1,0,0,Democracy,30,99548,11038627,243,384440,118480,66858,0.05,6,1,1,1,118449000,0
Japan,0,0,1984,10,1,0,0,Democracy,32,105586,12774892,241,410886,120083,68505,0.05,6,1,1,1,120018000,0
Japan,0,1,1987,10,1,0,0,Democracy,35,98513,25420000,244,380118,122069,70793,0.05,6,1,1,1,122091000,0
Japan,0,1,1987,10,1,0,0,Democracy,35,98513,25420000,244,380118,122069,70793,0.05,6,1,1,1,122091000,0
Japan,0,1,1988,10,1,0,0,Democracy,36,105680,28406000,245,410012,122578,71519,0.05,6,1,1,1,122613000,0
Japan,0,1,1988,10,1,0,0,Democracy,36,105680,28406000,245,410012,122578,71519,0.05,6,1,1,1,122613000,0
Japan,0,0,1991,10,1,0,0,Democracy,39,109648,32680000,250,479296,123964,72618,0.05,6,1,1,1,123921000,1
Japan,0,0,1998,10,1,0,0,Democracy,46,93548,38482000,255,659660,126281,76300,0.05,6,1,2,1.5,126410000,1
Japan,1,0,2001,10,1,0,0,Democracy,49,102866,39513000,240,661157,126718,77041,0.05,6,1,2,1.5,127034880,1
Japan,0,0,2001,10,1,0,0,Democracy,49,102866,39513000,240,661157,126718,77041,0.05,6,1,2,1.5,127034880,1
Japan,0,0,1999,10,1,0,0,Democracy,47,94192,40383000,240,660159,126505,76536,0.05,6,1,2,1.5,126650000,1
Japan,1,0,1999,10,1,0,0,Democracy,47,94192,40383000,240,660159,126505,76536,0.05,6,1,2,1.5,126650000,1
Japan,0,0,1999,10,1,0,0,Democracy,47,94192,40383000,240,660159,126505,76536,0.05,6,1,2,1.5,126650000,1
Japan,0,0,1999,10,1,0,0,Democracy,47,94192,40383000,240,660159,126505,76536,0.05,6,1,2,1.5,126650000,1
Japan,0,0,1997,10,1,0,0,Democracy,45,104545,40891000,250,657676,125638,75875,0.05,6,1,2,1.5,126091000,1
Japan,0,1,1993,10,1,0,0,Democracy,41,99600,41730000,242,504272,124829,74091,0.05,6,1,2,1.5,124536000,1
Japan,0,1,2000,10,1,0,0,Democracy,48,106444,45316000,237,660658,126714,76772,0.05,6,1,2,1.5,126870000,1
Japan,0,0,1996,10,1,0,0,Democracy,44,98801,45502000,250,545063,125761,75103,0.05,6,1,2,1.5,125761000,1
Japan,0,0,1996,10,1,0,0,Democracy,44,98801,45502000,250,545063,125761,75103,0.05,6,1,2,1.5,125761000,1
Japan,0,0,1996,10,1,0,0,Democracy,44,98801,45502000,250,545063,125761,75103,0.05,6,1,2,1.5,125761000,1
Japan,0,1,1996,10,1,0,0,Democracy,44,98801,45502000,250,545063,125761,75103,0.05,6,1,2,1.5,125761000,1
Japan,0,0,1994,10,1,0,0,Democracy,42,98295,46639000,233,533307,125178,74342,0.05,6,2,2,2,124961000,1
Japan,0,0,1995,10,1,0,0,Democracy,43,101640,50219000,240,535933,125472,74850,0.05,6,2,2,2,125439000,1
Japan,0,0,1995,10,1,0,0,Democracy,43,101640,50219000,240,535933,125472,74850,0.05,6,2,2,2,125439000,1
Jordan,0,0,1999,-2,0,1,0,Anocracy,10,30,588000,102,6423,6482,4153,0,5,4,5,4.5,4739870,0
Jordan,0,0,2000,-2,0,1,0,Anocracy,11,30,792000,104,6432,6669,2042,0,5,4,4,4,4886810,0
Jordan,0,0,2000,-2,0,1,0,Anocracy,11,30,792000,104,6432,6669,2042,0,5,4,4,4,4886810,0
Jordan,0,0,1990,-4,0,1,0,Anocracy,1,30,571210,100,3857,4259,1535,0,5,5,5,5,3170000,0
Jordan,0,1,1990,-4,0,1,0,Anocracy,1,30,571210,100,3857,4259,1535,0,5,5,5,5,3170000,0
Jordan,0,0,1980,-10,0,0,1,Autocracy,23,0,460898,65,2531,2923,1075,0,4,6,6,6,2181000,0
Jordan,0,1,1982,-10,0,0,1,Autocracy,25,0,518769,68,3545,3273,1123,0,5,6,6,6,2359760,0
Kazakhstan,0,0,1993,-3,0,1,0,Anocracy,2,4300,1140000,15,91597,16479,5887,0,7,5,5,5,16479000,0
Kazakhstan,1,0,1996,-4,0,1,0,Anocracy,5,3216,552000,30,67743,15921,5733,0,7,6,5,5.5,15921000,0
Kenya,0,1,1987,-7,0,0,1,Autocracy,18,0,202740,21,13455,22936,1812,0,5,6,5,5.5,21250420,0
Kenya,0,0,1995,-5,0,1,0,Anocracy,26,20,206000,22,15755,30522,2491,0,5,6,6,6,26689000,0
Kenya,0,0,1995,-5,0,1,0,Anocracy,26,20,206000,22,15755,30522,2491,0,5,6,6,6,26689000,0
Kenya,0,1,1989,-7,0,0,1,Autocracy,20,0,294000,20,14208,24872,1965,0,5,6,6,6,22652550,0
Kenya,1,0,1989,-7,0,0,1,Autocracy,20,0,294000,20,14208,24872,1965,0,5,6,6,6,22652550,0
Kenya,0,1,1999,-2,0,1,0,Anocracy,2,20,327000,24,4505,29549,3086,0,5,6,5,5.5,29416000,0
Kenya,0,0,1997,-2,0,1,0,Anocracy,0,20,269000,24,3551,33144,2772,0,5,7,6,6.5,28043000,0
"Korea, North (PRK)",1,0,1981,-9,0,0,1,Autocracy,33,5500,1681008,768,46426,17916,2980,0.01,4,7,7,7,17443140,0
"Korea, North (PRK)",0,0,1981,-9,0,0,1,Autocracy,33,5500,1681008,768,46426,17916,2980,0.01,4,7,7,7,17443140,0
"Korea, North (PRK)",0,0,1982,-9,0,0,1,Autocracy,34,5800,1775987,782,47462,18168,3185,0.01,4,7,7,7,17700330,0
"Korea, North (PRK)",0,1,1983,-9,0,0,1,Autocracy,35,6100,1915982,784,50972,18423,3401,0.01,4,7,7,7,17968090,0
"Korea, North (PRK)",0,1,2001,-9,0,0,1,Autocracy,53,300,2049000,1082,85672,24043,8433,0.01,4,7,7,7,22384230,0
"Korea, North (PRK)",1,0,2001,-9,0,0,1,Autocracy,53,300,2049000,1082,85672,24043,8433,0.01,4,7,7,7,22384230,0
"Korea, North (PRK)",0,0,2000,-9,0,0,1,Autocracy,52,300,2091000,1055,85694,24039,8337,0.01,4,7,7,7,22268000,0
"Korea, North (PRK)",0,0,1999,-9,0,0,1,Autocracy,51,300,2100000,1000,85717,23702,8241,0.01,4,7,7,7,22170400,0
"Korea, North (PRK)",0,0,1999,-9,0,0,1,Autocracy,51,300,2100000,1000,85717,23702,8241,0.01,4,7,7,7,22170400,0
"Korea, North (PRK)",0,0,1999,-9,0,0,1,Autocracy,51,300,2100000,1000,85717,23702,8241,0.01,4,7,7,7,22170400,0
"Korea, North (PRK)",0,0,1997,-9,0,0,1,Autocracy,49,600,2273000,1100,90253,22837,8047,0.01,4,7,7,7,21851190,0
"Korea, North (PRK)",1,0,1997,-9,0,0,1,Autocracy,49,600,2273000,1100,90253,22837,8047,0.01,4,7,7,7,21851190,0
"Korea, North (PRK)",0,1,1986,-9,0,0,1,Autocracy,38,6500,3870000,838,63565,19207,5309,0.01,4,7,7,7,18823810,0
"Korea, North (PRK)",1,0,1989,-9,0,0,1,Autocracy,41,7300,4200000,1040,84592,20054,7008,0.01,4,7,7,7,19690070,0
"Korea, North (PRK)",0,1,1984,-9,0,0,1,Autocracy,36,6500,5200000,784,54974,18681,3622,0.01,4,7,7,7,18245860,0
"Korea, North (PRK)",0,1,1990,-9,0,0,1,Autocracy,42,8000,5230000,1200,88663,20363,7142,0.01,4,7,7,7,19956000,0
"Korea, North (PRK)",1,0,1995,-9,0,0,1,Autocracy,47,600,5232000,1100,93018,22097,7857,0.01,4,7,7,7,21373000,0
"Korea, North (PRK)",1,0,1993,-9,0,0,1,Autocracy,45,8100,5300000,1100,94785,21375,7640,0.01,4,7,7,7,20788190,0
"Korea, North (PRK)",0,0,1993,-9,0,0,1,Autocracy,45,8100,5300000,1100,94785,21375,7640,0.01,4,7,7,7,20788190,0
"Korea, North (PRK)",0,0,1993,-9,0,0,1,Autocracy,45,8100,5300000,1100,94785,21375,7640,0.01,4,7,7,7,20788190,0
"Korea, North (PRK)",0,0,1991,-9,0,0,1,Autocracy,43,8000,5450000,1200,91060,20687,7279,0.01,4,7,7,7,20227580,0
"Korea, North (PRK)",1,0,1992,-9,0,0,1,Autocracy,44,8100,5500000,1200,92415,21025,7518,0.01,4,7,7,7,20504930,0
"Korea, North (PRK)",0,1,1994,-9,0,0,1,Autocracy,46,1600,5660000,1100,93901,21734,7764,0.01,4,7,7,7,21077500,0
"Korea, South (ROK)",0,1,1989,6,1,0,0,Democracy,1,23705,9886000,647,98753,42449,29176,0.02,4,2,3,2.5,42380000,0
"Korea, South (ROK)",0,0,1991,6,1,0,0,Democracy,3,27864,10800000,750,122703,43296,30374,0.02,4,2,3,2.5,43268000,0
"Korea, South (ROK)",0,1,2001,8,1,0,0,Democracy,13,43852,11165000,683,187671,46847,37320,0.02,4,2,2,2,47343000,0
"Korea, South (ROK)",0,1,1992,6,1,0,0,Democracy,4,29557,11400000,750,141812,43748,30649,0.02,4,2,3,2.5,43663000,0
"Korea, South (ROK)",0,0,1993,6,1,0,0,Democracy,5,33026,11930000,750,153158,44195,30930,0.02,4,2,3,2.5,44056000,0
"Korea, South (ROK)",0,0,1993,6,1,0,0,Democracy,5,33026,11930000,750,153158,44195,30930,0.02,4,2,3,2.5,44056000,0
"Korea, South (ROK)",0,1,1999,8,1,0,0,Democracy,11,41042,12088000,665,187585,46480,36354,0.02,4,2,2,2,46617000,0
"Korea, South (ROK)",0,0,1999,8,1,0,0,Democracy,11,41042,12088000,665,187585,46480,36354,0.02,4,2,2,2,46617000,0
"Korea, South (ROK)",0,0,2000,8,1,0,0,Democracy,12,43107,12749000,683,187628,46844,36834,0.02,4,2,2,2,47008000,0
"Korea, South (ROK)",0,0,1994,6,1,0,0,Democracy,6,33745,12764000,750,159790,44642,32427,0.02,4,2,2,2,44453000,0
"Korea, South (ROK)",1,0,1994,6,1,0,0,Democracy,6,33745,12764000,750,159790,44642,32427,0.02,4,2,2,2,44453000,0
"Korea, South (ROK)",0,0,1996,6,1,0,0,Democracy,8,38903,16172000,670,205170,45545,34572,0.02,4,2,2,2,45525000,0
"Korea, South (ROK)",1,0,1986,-5,0,1,0,Anocracy,14,18793,5110000,604,76079,41214,26372,0.02,4,4,5,4.5,41184000,0
"Korea, South (ROK)",1,0,1986,-5,0,1,0,Anocracy,14,18793,5110000,604,76079,41214,26372,0.02,4,4,5,4.5,41184000,0
"Korea, South (ROK)",0,1,1987,1,0,1,0,Anocracy,0,19481,6970000,604,79471,41622,27307,0.02,4,4,5,4.5,41575000,0
"Korea, South (ROK)",0,1,1981,-5,0,1,0,Anocracy,9,15801,4285002,606,57901,38723,22060,0.01,4,5,6,5.5,38723000,0
"Korea, South (ROK)",1,0,1982,-5,0,1,0,Anocracy,10,16566,4350065,601,57978,39326,23155,0.02,4,5,6,5.5,39326000,0
"Korea, South (ROK)",0,1,1982,-5,0,1,0,Anocracy,10,16566,4350065,601,57978,39326,23155,0.02,4,5,6,5.5,39326000,0
"Korea, South (ROK)",0,1,1983,-5,0,1,0,Anocracy,11,16356,4406876,602,63217,39910,24266,0.02,4,5,6,5.5,39910000,0
"Korea, South (ROK)",1,0,1983,-5,0,1,0,Anocracy,11,16356,4406876,602,63217,39910,24266,0.02,4,5,6,5.5,39910000,0
"Korea, South (ROK)",1,0,1984,-5,0,1,0,Anocracy,12,17833,4494500,602,70814,40406,25398,0.02,4,5,6,5.5,40406000,0
"Korea, South (ROK)",0,1,1985,-5,0,1,0,Anocracy,13,18650,4550000,600,76043,40806,25291,0.02,4,5,5,5,40806000,0
"Korea, South (ROK)",0,1,1985,-5,0,1,0,Anocracy,13,18650,4550000,600,76043,40806,25291,0.02,4,5,5,5,40806000,0
"Korea, South (ROK)",1,0,1985,-5,0,1,0,Anocracy,13,18650,4550000,600,76043,40806,25291,0.02,4,5,5,5,40806000,0
Kuwait,0,0,1982,-8,0,0,1,Autocracy,19,0,1169807,13,40598,1497,386,0,5,4,4,4,1524300,0
Kuwait,0,0,1986,-10,0,0,1,Autocracy,23,0,1390000,18,61774,1802,467,0,5,4,4,4,1791000,0
Kuwait,0,1,1986,-10,0,0,1,Autocracy,23,0,1390000,18,61774,1802,467,0,5,4,4,4,1791000,0
Kuwait,0,0,1984,-8,0,0,1,Autocracy,21,0,1638765,15,48883,1637,427,0,5,4,4,4,1655470,0
Kuwait,0,1,1985,-8,0,0,1,Autocracy,22,0,1827000,16,56095,1720,446,0,5,4,4,4,1712000,0
Kuwait,0,1,1985,-8,0,0,1,Autocracy,22,0,1827000,16,56095,1720,446,0,5,4,4,4,1712000,0
Kuwait,0,0,1985,-8,0,0,1,Autocracy,22,0,1827000,16,56095,1720,446,0,5,4,4,4,1712000,0
Kuwait,0,0,2000,-7,0,0,1,Autocracy,8,0,3695000,15,32459,1972,491,0,5,4,5,4.5,1984400,0
Kuwait,0,0,1994,-7,0,0,1,Autocracy,2,0,3133000,15,68610,1620,421,0,5,5,5,5,1503000,0
Kuwait,0,0,1999,-7,0,0,1,Autocracy,7,0,3275000,21,32515,1897,478,0,5,5,5,5,1924400,0
Kuwait,0,0,1999,-7,0,0,1,Autocracy,7,0,3275000,21,32515,1897,478,0,5,5,5,5,1924400,0
Kuwait,0,0,1997,-7,0,0,1,Autocracy,5,0,3618000,28,29356,1809,455,0,5,5,5,5,1809000,0
Kuwait,0,0,1996,-7,0,0,1,Autocracy,4,0,3973000,22,76937,1754,443,0,5,5,5,5,1697000,0
Kuwait,0,1,1996,-7,0,0,1,Autocracy,4,0,3973000,22,76937,1754,443,0,5,5,5,5,1697000,0
Kuwait,0,1,1980,-10,0,0,1,Autocracy,17,0,1334054,12,45052,1370,348,0,5,6,4,5,1375000,0
Kuwait,0,1,1987,-10,0,0,1,Autocracy,24,0,1400000,20,62250,1885,488,0,5,6,5,5.5,1873000,0
Kuwait,0,1,1981,-8,0,0,1,Autocracy,18,0,1594321,12,36631,1432,367,0,5,6,4,5,1451440,0
Kuwait,0,1,1990,-9,0,1,0,Anocracy,0,0,13100000,7,56672,2141,508,0,5,6,4,5,2125000,0
Kuwait,0,1,1992,-7,0,0,1,Autocracy,0,0,29000000,12,29667,1422,463,0.01,5,6,5,5.5,1422000,0
Kuwait,0,0,1992,-7,0,0,1,Autocracy,0,0,29000000,12,29667,1422,463,0.01,5,6,5,5.5,1422000,0
Kuwait,0,1,1991,-9,0,0,1,Autocracy,0,0,15500000,10,25318,2095,485,0,5,7,7,7,1363000,0
Kyrgyz Republic,0,0,1997,-3,0,1,0,Anocracy,6,0,68000,14,3778,4635,812,0,4,4,4,4,4725000,0
Kyrgyz Republic,0,0,1993,-3,0,1,0,Anocracy,2,0,85300,12,2685,4482,861,0,4,4,2,3,4543000,0
Kyrgyz Republic,0,1,1999,-3,0,1,0,Anocracy,8,0,35000,12,4035,4669,835,0,4,5,5,5,4864600,0
Laos,1,0,1980,-7,0,0,1,Autocracy,5,0,21000,55,894,3205,242,0,5,7,7,7,3205000,0
Laos,1,0,1982,-7,0,0,1,Autocracy,7,0,106090,46,934,3330,266,0,5,7,7,7,3335120,0
Laos,1,0,1983,-7,0,0,1,Autocracy,8,0,106090,49,967,3408,280,0,5,7,7,7,3417520,0
Laos,0,1,1987,-7,0,0,1,Autocracy,12,0,106090,56,1130,3819,329,0,5,7,7,7,3817340,0
Latvia,0,0,1998,8,1,0,0,Democracy,7,471,40000,5,4694,2424,917,0,9,1,2,1.5,2410000,0
Latvia,0,0,1994,8,1,0,0,Democracy,3,332,51000,6,2940,2548,1071,0,9,3,3,3,2548000,0
Lebanon,0,0,1980,0,0,1,0,Anocracy,0,0,291000,18,3003,2669,726,0,5,4,4,4,3002350,0
Lebanon,0,1,1982,0,0,1,0,Anocracy,0,0,331000,21,1151,2667,732,0,5,4,4,4,3091530,0
Lebanon,0,1,1993,0,0,1,0,Anocracy,0,0,275000,37,274,2806,826,0,5,5,4,4.5,3855070,0
Lebanon,0,0,1989,0,0,1,0,Anocracy,0,0,331000,18,742,2540,759,0,5,6,5,5.5,3564250,0
Lesotho,0,0,1994,8,1,0,0,Democracy,1,0,32000,2,228,1977,157,0,1,3,4,3.5,1827070,0
Lesotho,0,0,1994,8,1,0,0,Democracy,1,0,32000,2,228,1977,157,0,1,3,4,3.5,1827070,0
Lesotho,0,1,1982,-7,0,0,1,Autocracy,12,0,10000,2,176,1400,0,0,1,5,5,5,1424020,0
Liberia,0,0,1999,0,0,1,0,Anocracy,2,0,25000,5,187,2930,629,0,3,4,5,4.5,3044050,0
Liberia,0,0,1999,0,0,1,0,Anocracy,2,0,25000,5,187,2930,629,0,3,4,5,4.5,3044050,0
Liberia,0,1,2000,0,0,1,0,Anocracy,3,0,25000,15,187,3154,672,0,3,4,5,4.5,3130000,0
Liberia,0,0,1998,0,0,1,0,Anocracy,1,0,46000,5,188,2666,580,0,3,4,5,4.5,2961520,0
Liberia,0,0,1998,0,0,1,0,Anocracy,1,0,46000,5,188,2666,580,0,3,4,5,4.5,2961520,0
Liberia,0,0,2001,0,0,1,0,Anocracy,4,0,24000,15,186,3155,718,0,3,5,6,5.5,3213770,0
Liberia,0,1,1984,-6,0,0,1,Autocracy,100,0,26000,6,1248,2109,421,0,3,5,5,5,2134670,0
Liberia,0,1,1984,-6,0,0,1,Autocracy,100,0,26000,6,1248,2109,421,0,3,5,5,5,2134670,0
Liberia,0,1,1988,-6,0,0,1,Autocracy,104,0,28070,7,1586,2341,436,0,3,5,5,5,2344550,0
Liberia,0,1,1986,-6,0,0,1,Autocracy,102,0,37700,6,1538,2221,429,0,3,5,5,5,2246890,0
Liberia,0,1,1987,-6,0,0,1,Autocracy,103,0,41000,6,1566,2281,432,0,3,5,5,5,2297200,0
Liberia,0,0,1990,0,0,1,0,Anocracy,0,0,30000,8,1631,2407,436,0,3,6,5,5.5,2435000,0
Liberia,0,1,1991,0,0,1,0,Anocracy,0,0,36000,5,1655,2520,432,0,3,7,7,7,2484520,0
Libya,0,1,1981,-7,0,0,1,Autocracy,30,0,557244,55,25960,2859,1691,0,10,6,6,6,3186200,0
Libya,1,0,1981,-7,0,0,1,Autocracy,30,0,557244,55,25960,2859,1691,0,10,6,6,6,3186200,0
Libya,0,1,1988,-7,0,0,1,Autocracy,37,0,1390000,86,34274,3821,2838,0,10,6,6,6,4165970,0
Libya,1,0,1986,-7,0,0,1,Autocracy,35,0,1410000,91,30727,3517,2448,0,10,6,6,6,3926650,0
Libya,1,0,1986,-7,0,0,1,Autocracy,35,0,1410000,91,30727,3517,2448,0,10,6,6,6,3926650,0
Libya,0,1,1986,-7,0,0,1,Autocracy,35,0,1410000,91,30727,3517,2448,0,10,6,6,6,3926650,0
Libya,0,0,1980,-7,0,0,1,Autocracy,29,0,2750000,53,35161,2743,1571,0,10,6,6,6,3043000,0
Libya,0,0,1980,-7,0,0,1,Autocracy,29,0,2750000,53,35161,2743,1571,0,10,6,6,6,3043000,0
Libya,0,0,1980,-7,0,0,1,Autocracy,29,0,2750000,53,35161,2743,1571,0,10,6,6,6,3043000,0
Libya,0,0,1980,-7,0,0,1,Autocracy,29,0,2750000,53,35161,2743,1571,0,10,6,6,6,3043000,0
Libya,0,0,1982,-7,0,0,1,Autocracy,31,0,3310000,55,25914,2980,1821,0,10,6,7,6.5,3334710,0
Libya,0,0,1982,-7,0,0,1,Autocracy,31,0,3310000,55,25914,2980,1821,0,10,6,7,6.5,3334710,0
Libya,0,0,1985,-7,0,0,1,Autocracy,34,0,3500000,91,27467,3374,2273,0,10,6,6,6,3786000,0
Libya,0,0,1985,-7,0,0,1,Autocracy,34,0,3500000,91,27467,3374,2273,0,10,6,6,6,3786000,0
Libya,0,0,1983,-7,0,0,1,Autocracy,32,0,4223000,68,26818,3106,1961,0,10,6,6,6,3486220,0
Libya,1,0,1983,-7,0,0,1,Autocracy,32,0,4223000,68,26818,3106,1961,0,10,6,6,6,3486220,0
Libya,0,0,1983,-7,0,0,1,Autocracy,32,0,4223000,68,26818,3106,1961,0,10,6,6,6,3486220,0
Libya,0,1,1983,-7,0,0,1,Autocracy,32,0,4223000,68,26818,3106,1961,0,10,6,6,6,3486220,0
Libya,0,1,1984,-7,0,0,1,Autocracy,33,0,5225000,90,26508,3237,2111,0,10,6,6,6,3637820,0
Libya,1,0,1984,-7,0,0,1,Autocracy,33,0,5225000,90,26508,3237,2111,0,10,6,6,6,3637820,0
Libya,0,0,1996,-7,0,0,1,Autocracy,45,863,1327000,76,39638,5593,3872,0,10,7,7,7,4851070,0
Libya,0,0,1994,-7,0,0,1,Autocracy,43,874,1413000,80,38869,4899,3674,0,10,7,7,7,4663910,0
Lithuania,0,0,1995,10,1,0,0,Democracy,4,1,115000,12,8274,3715,1541,0,8,1,3,2,3632000,0
Lithuania,0,0,1998,10,1,0,0,Democracy,7,1,139000,12,12718,3694,1478,0,8,1,2,1.5,3555000,0
Lithuania,0,0,2000,10,1,0,0,Democracy,9,1,199000,13,12760,3670,1475,0,8,1,2,1.5,3506000,0
Lithuania,0,1,2000,10,1,0,0,Democracy,9,1,199000,13,12760,3670,1475,0,8,1,2,1.5,3506000,0
Lithuania,0,0,2000,10,1,0,0,Democracy,9,1,199000,13,12760,3670,1475,0,8,1,2,1.5,3506000,0
Lithuania,0,0,2001,10,1,0,0,Democracy,10,1,211000,12,12781,3670,1474,0,8,1,2,1.5,3482000,0
Luxembourg,0,0,2000,10,1,0,0,Democracy,55,2571,129000,1,4592,431,0,0,3,1,1,1,438000,0
Luxembourg,0,0,2000,10,1,0,0,Democracy,55,2571,129000,1,4592,431,0,0,3,1,1,1,438000,0
Luxembourg,0,0,1998,10,1,0,0,Democracy,53,2477,146000,1,4546,422,0,0,3,1,1,1,426600,0
Macedonia (FYROM),1,0,1993,6,1,0,0,Democracy,2,137,30000,10,4550,2115,393,0,4,3,4,3.5,1933000,0
Macedonia (FYROM),0,0,1994,6,1,0,0,Democracy,3,67,35741,10,3355,2137,430,0,4,3,3,3,1947000,0
Macedonia (FYROM),0,0,1999,6,1,0,0,Democracy,8,49,67000,16,4792,2011,443,0,4,3,3,3,2017000,0
Macedonia (FYROM),0,1,1997,6,1,0,0,Democracy,6,50,60435,15,4206,2190,438,0,4,4,3,3.5,1996870,0
Macedonia (FYROM),0,0,1998,6,1,0,0,Democracy,7,49,72000,15,4786,1999,440,0,4,4,3,3.5,2015000,0
Malawi,0,0,1986,-9,0,0,1,Autocracy,22,0,22300,7,4508,7279,449,0,3,6,7,6.5,7490780,0
Malaysia,0,0,1980,4,0,1,0,Anocracy,9,0,1362169,83,13629,13764,2976,0,7,3,4,3.5,13763000,0
Malaysia,1,0,1988,4,0,1,0,Anocracy,17,0,1612000,113,23167,16942,2846,0,8,3,5,4,17144390,0
Malaysia,0,1,1988,4,0,1,0,Anocracy,17,0,1612000,113,23167,16942,2846,0,8,3,5,4,17144390,0
Malaysia,1,0,1985,4,0,1,0,Anocracy,14,0,1764000,110,19276,15681,2632,0,8,3,5,4,15677000,0
Malaysia,0,0,1983,4,0,1,0,Anocracy,12,0,2080113,99,18399,14888,2450,0,7,3,4,3.5,14847000,0
Malaysia,1,0,1992,4,0,1,0,Anocracy,21,1559,2500000,128,36553,19043,3126,0,8,5,4,4.5,19127100,0
Mali,0,0,1993,7,1,0,0,Democracy,1,0,60000,12,1939,10135,781,0,7,2,3,2.5,9164100,0
Mali,0,1,1985,-7,0,0,1,Autocracy,25,0,27824,8,1550,8206,577,0,7,7,6,6.5,7389000,0
Mali,0,1,1986,-7,0,0,1,Autocracy,26,0,37250,8,1595,7566,618,0,7,7,6,6.5,7580570,0
Mauritania,1,0,1989,-7,0,0,1,Autocracy,27,0,40000,16,1308,1953,404,0,4,6,6,6,1944720,0
Mauritania,0,0,1989,-7,0,0,1,Autocracy,27,0,40000,16,1308,1953,404,0,4,6,6,6,1944720,0
Mauritania,0,1,1980,-7,0,0,1,Autocracy,18,0,81006,8,8,1551,110,0,4,6,6,6,1551000,0
Mauritania,0,0,1987,-7,0,0,1,Autocracy,25,0,35000,16,1472,1858,237,0,4,7,6,6.5,1854070,0
Mauritania,0,0,1981,-7,0,0,1,Autocracy,19,0,64032,12,14,1591,104,0,4,7,6,6.5,1591710,0
Mexico,0,1,1984,-3,0,1,0,Anocracy,7,7293,562331,129,166443,73912,28721,0.01,5,3,4,3.5,73910520,0
Mexico,0,1,1982,-3,0,1,0,Anocracy,5,6926,943004,130,183434,70784,27970,0.01,5,3,4,3.5,70785368,0
Moldova,0,0,1993,7,1,0,0,Democracy,2,604,88400,13,5008,4348,1072,0,2,5,5,5,4348000,0
Moldova,0,1,1992,5,0,1,0,Anocracy,1,619,450000,9,6357,4348,1150,0,2,5,4,4.5,4351000,0
Mongolia,0,1,1999,10,1,0,0,Democracy,7,0,19000,20,2991,2621,679,0,2,2,3,2.5,2378320,0
Morocco,1,0,1980,-8,0,0,1,Autocracy,15,6,1118030,117,7107,19332,7203,0,4,3,4,3.5,19382000,0
Morocco,0,0,1980,-8,0,0,1,Autocracy,15,6,1118030,117,7107,19332,7203,0,4,3,4,3.5,19382000,0
Morocco,1,0,1980,-8,0,0,1,Autocracy,15,6,1118030,117,7107,19332,7203,0,4,3,4,3.5,19382000,0
Morocco,1,0,1980,-8,0,0,1,Autocracy,15,6,1118030,117,7107,19332,7203,0,4,3,4,3.5,19382000,0
Morocco,1,0,1984,-8,0,0,1,Autocracy,19,6,595671,149,8072,21331,7970,0,4,4,5,4.5,21180160,0
Morocco,0,0,1987,-8,0,0,1,Autocracy,22,6,860000,200,8731,22884,8117,0,4,4,5,4.5,22595430,0
Morocco,0,0,1981,-8,0,0,1,Autocracy,16,6,1102334,120,7073,19836,7818,0,4,4,4,4,19819600,0
Morocco,0,0,1990,-8,0,0,1,Autocracy,25,7,1500000,195,10459,24487,8267,0,4,4,4,4,24043000,0
Morocco,0,0,2000,-6,0,0,1,Autocracy,35,5,1429000,198,12403,28351,10473,0,4,5,4,4.5,28705000,0
Morocco,0,0,2000,-6,0,0,1,Autocracy,35,5,1429000,198,12403,28351,10473,0,4,5,4,4.5,28705000,0
Mozambique,0,0,1994,6,1,0,0,Democracy,0,0,106000,11,5725,16614,2271,0,9,6,5,5.5,15420000,0
Mozambique,1,0,1987,-7,0,0,1,Autocracy,12,0,106090,65,5132,14116,1399,0,9,6,7,6.5,13836990,0
Mozambique,0,1,1987,-7,0,0,1,Autocracy,12,0,106090,65,5132,14116,1399,0,9,6,7,6.5,13836990,0
Mozambique,0,0,1986,-7,0,0,1,Autocracy,11,0,276040,65,5018,14161,1328,0,9,6,7,6.5,13706390,0
Mozambique,1,0,1983,-8,0,0,1,Autocracy,8,0,360055,32,4714,13150,991,0,9,7,7,7,13061390,0
Namibia,0,0,1997,6,1,0,0,Democracy,7,0,89000,8,0,1613,147,0,4,2,3,2.5,1647520,0
Namibia,0,0,1998,6,1,0,0,Democracy,8,0,94000,3,0,1660,152,0,4,2,3,2.5,1681820,0
Netherlands,0,1,1985,10,1,0,0,Democracy,39,5517,4040000,103,124239,14484,3717,0.01,6,1,1,1,14492000,0
Netherlands,0,0,1980,10,1,0,0,Democracy,34,5271,5269353,107,133594,14144,3767,0.01,6,1,1,1,14150000,0
Netherlands,0,0,2000,10,1,0,0,Democracy,54,5666,6027000,52,118860,15786,4902,0.01,6,1,1,1,15919000,0
Netherlands,0,0,2000,10,1,0,0,Democracy,54,5666,6027000,52,118860,15786,4902,0.01,6,1,1,1,15919000,0
Netherlands,0,0,1999,10,1,0,0,Democracy,53,6075,6193000,54,118954,15735,4880,0.01,6,1,1,1,15805000,0
Netherlands,0,0,1999,10,1,0,0,Democracy,53,6075,6193000,54,118954,15735,4880,0.01,6,1,1,1,15805000,0
Netherlands,0,0,2001,10,1,0,0,Democracy,55,6037,6257000,50,118765,15787,4925,0.01,6,1,1,1,16039000,0
Netherlands,0,0,1987,10,1,0,0,Democracy,41,5082,6420000,106,134163,14665,3744,0.01,6,1,1,1,14665000,0
Netherlands,0,0,1998,10,1,0,0,Democracy,52,6377,7192000,55,119048,15678,4842,0.01,6,1,1,1,15698000,0
Netherlands,0,0,1993,10,1,0,0,Democracy,47,6000,7356000,86,152926,15290,4354,0.01,6,1,1,1,15279100,0
Netherlands,0,0,1990,10,1,0,0,Democracy,44,5408,7820000,104,141045,14952,3882,0.01,7,1,1,1,14952000,0
Netherlands,0,0,1992,10,1,0,0,Democracy,46,5437,8010000,90,149001,15184,4137,0.01,6,1,1,1,15178000,0
New Zealand,0,1,1985,10,1,0,0,Democracy,108,228,469350,13,8953,3247,724,0,0,1,1,1,3271500,0
New Zealand,0,1,2001,10,1,0,0,Democracy,124,826,664000,9,22187,3862,1781,0,0,1,1,1,3849000,0
Nicaragua,0,1,1999,8,1,0,0,Democracy,9,0,25000,12,2428,4938,1167,0,7,2,3,2.5,4941180,0
Nicaragua,1,0,2000,8,1,0,0,Democracy,10,0,24000,16,2429,5074,1205,0,7,3,3,3,5071000,0
Nicaragua,0,0,2001,8,1,0,0,Democracy,11,0,27000,16,2430,5077,1245,0,7,3,3,3,5205000,0
Nicaragua,0,0,2001,8,1,0,0,Democracy,11,0,27000,16,2430,5077,1245,0,7,3,3,3,5205000,0
Nicaragua,0,1,2001,8,1,0,0,Democracy,11,0,27000,16,2430,5077,1245,0,7,3,3,3,5205000,0
Nicaragua,0,0,1998,8,1,0,0,Democracy,8,0,30000,14,2427,4807,1130,0,7,3,3,3,4810790,0
Nicaragua,0,1,1997,8,1,0,0,Democracy,7,0,36000,14,2169,4351,1093,0,7,3,3,3,4680810,0
Nicaragua,1,0,1997,8,1,0,0,Democracy,7,0,36000,14,2169,4351,1093,0,7,3,3,3,4680810,0
Nicaragua,1,0,1991,6,1,0,0,Democracy,1,0,225000,20,2177,3999,896,0,7,3,3,3,3938340,0
Nicaragua,1,0,1994,6,1,0,0,Democracy,4,0,35000,14,2250,4401,991,0,7,4,5,4.5,4301500,0
Nicaragua,1,0,1995,8,1,0,0,Democracy,5,0,39000,14,2173,4539,1024,0,7,4,5,4.5,4426000,0
Nicaragua,0,0,1995,8,1,0,0,Democracy,5,0,39000,14,2173,4539,1024,0,7,4,5,4.5,4426000,0
Nicaragua,1,0,1995,8,1,0,0,Democracy,5,0,39000,14,2173,4539,1024,0,7,4,5,4.5,4426000,0
Nicaragua,0,0,1980,0,0,1,0,Anocracy,0,0,62000,24,1792,2771,630,0,7,5,5,5,2921000,0
Nicaragua,0,0,1988,-1,0,1,0,Anocracy,4,0,142000,74,1932,3622,813,0,7,5,5,5,3656120,0
Nicaragua,1,0,1989,-1,0,1,0,Anocracy,5,0,175000,65,1955,3745,837,0,7,5,4,4.5,3738580,0
Nicaragua,1,0,1987,-1,0,1,0,Anocracy,3,0,189000,80,1900,3501,791,0,7,5,6,5.5,3574080,0
Nicaragua,0,0,1981,-5,0,1,0,Anocracy,0,0,192000,39,1961,2871,653,0,7,5,5,5,3015600,0
Nicaragua,1,0,1986,-1,0,1,0,Anocracy,2,0,436090,75,1867,3384,768,0,7,5,5,5,3490500,0
Nicaragua,0,1,1986,-1,0,1,0,Anocracy,2,0,436090,75,1867,3384,768,0,7,5,5,5,3490500,0
Nicaragua,1,0,1985,-1,0,1,0,Anocracy,1,0,702000,74,1840,3272,747,0,7,5,5,5,3404000,0
Nicaragua,0,0,1982,-5,0,1,0,Anocracy,1,0,249000,41,1977,2957,676,0,7,6,5,5.5,3114890,0
Nicaragua,1,0,1983,-5,0,1,0,Anocracy,2,0,348000,46,1881,3058,700,0,7,6,5,5.5,3215690,0
Niger,0,0,1993,8,1,0,0,Democracy,1,0,14000,5,1910,8361,760,0,8,5,4,4.5,8495380,0
Niger,1,0,1993,8,1,0,0,Democracy,1,0,14000,5,1910,8361,760,0,8,5,4,4.5,8495380,0
Niger,0,0,1990,-7,0,0,1,Autocracy,30,0,45180,5,1745,7731,673,0,8,7,6,6.5,7707000,0
Nigeria,0,0,1981,7,1,0,0,Democracy,2,15,893444,144,62935,74082,8583,0.01,9,2,3,2.5,73409344,0
Nigeria,0,1,1981,7,1,0,0,Democracy,2,15,893444,144,62935,74082,8583,0.01,9,2,3,2.5,73409344,0
Nigeria,0,1,1983,7,1,0,0,Democracy,4,182,1451008,144,57651,78422,9074,0.01,9,2,3,2.5,78216872,0
Nigeria,1,0,2000,4,0,1,0,Anocracy,1,15,518000,76,495,111506,22234,0.01,9,4,3,3.5,126910000,0
Nigeria,0,0,1993,-7,0,0,1,Autocracy,9,140,210000,76,102073,105265,15929,0.01,9,5,4,4.5,104891872,0
Nigeria,0,0,1999,4,0,1,0,Anocracy,0,15,2237000,77,496,108945,21291,0.01,9,6,4,5,123896520,0
Nigeria,0,0,1987,-7,0,0,1,Autocracy,3,200,202130,138,62222,101408,11140,0.01,9,7,5,6,88273200,0
Nigeria,1,0,1994,-7,0,0,1,Autocracy,10,58,1191000,80,94691,108468,16778,0.01,9,7,5,6,108012568,0
Nigeria,1,0,1995,-6,0,0,1,Autocracy,11,36,1507000,80,93797,111722,17597,0.01,9,7,6,6.5,111270000,0
Nigeria,0,0,1995,-6,0,0,1,Autocracy,11,36,1507000,80,93797,111722,17597,0.01,9,7,6,6.5,111270000,0
Nigeria,0,0,1996,-6,0,0,1,Autocracy,12,12,1913000,80,94273,115020,18455,0.01,9,7,7,7,114495512,0
Nigeria,1,0,1997,-6,0,0,1,Autocracy,13,15,1965000,76,498,118369,19356,0.01,9,7,6,6.5,117680752,0
Nigeria,0,0,1998,-1,0,1,0,Anocracy,0,15,2143000,76,498,106409,20301,0.01,9,7,6,6.5,120817264,0
Nigeria,0,0,1998,-1,0,1,0,Anocracy,0,15,2143000,76,498,106409,20301,0.01,9,7,6,6.5,120817264,0
Norway,1,0,1981,10,1,0,0,Democracy,35,847,1528746,39,48102,4100,792,0,7,1,1,1,4100000,0
Norway,0,0,1980,10,1,0,0,Democracy,34,866,1668691,40,49027,4086,795,0,7,1,1,1,4091000,0
Norway,1,0,1983,10,1,0,0,Democracy,37,895,1844320,41,45990,4128,789,0,7,1,1,1,4133000,0
Norway,0,1,1984,10,1,0,0,Democracy,38,920,1977082,39,49257,4140,788,0,7,1,1,1,4140000,0
Norway,0,1,1987,10,1,0,0,Democracy,41,837,2590000,38,56015,4187,796,0,7,1,1,1,4187000,0
Norway,0,0,1987,10,1,0,0,Democracy,41,837,2590000,38,56015,4187,796,0,7,1,1,1,4187000,0
Norway,0,1,1987,10,1,0,0,Democracy,41,837,2590000,38,56015,4187,796,0,7,1,1,1,4187000,0
Norway,0,0,2000,10,1,0,0,Democracy,54,679,2923000,27,37952,4465,997,0,7,1,1,1,4491000,0
Norway,0,0,2000,10,1,0,0,Democracy,54,679,2923000,27,37952,4465,997,0,7,1,1,1,4491000,0
Norway,0,1,2001,10,1,0,0,Democracy,55,640,2967000,27,37931,4465,1005,0,7,1,1,1,4513000,0
Norway,0,0,2001,10,1,0,0,Democracy,55,640,2967000,27,37931,4465,1005,0,7,1,1,1,4513000,0
Norway,0,0,1999,10,1,0,0,Democracy,53,610,3241000,33,37973,4442,990,0,7,1,1,1,4460000,0
Norway,0,0,1999,10,1,0,0,Democracy,53,610,3241000,33,37973,4442,990,0,7,1,1,1,4460000,0
Norway,1,0,1998,10,1,0,0,Democracy,52,637,3391000,33,37994,4419,982,0,7,1,1,1,4432000,0
Norway,0,0,1998,10,1,0,0,Democracy,52,637,3391000,33,37994,4419,982,0,7,1,1,1,4432000,0
Oman,0,0,1980,-10,0,0,1,Autocracy,23,0,1177939,15,3505,1130,0,0,8,6,6,6,1101000,0
Oman,0,0,1991,-9,0,0,1,Autocracy,34,0,1440000,29,11855,1864,0,0,8,6,6,6,1762000,0
Oman,1,0,1987,-10,0,0,1,Autocracy,30,0,1510000,27,9464,1561,0,0,8,6,6,6,1487780,0
Oman,0,0,1982,-10,0,0,1,Autocracy,25,0,1682003,15,4267,1242,0,0,8,6,6,6,1223740,0
Oman,0,0,1981,-10,0,0,1,Autocracy,24,0,1684776,15,4269,1186,0,0,8,6,6,6,1160760,0
Oman,0,0,1994,-9,0,0,1,Autocracy,37,0,2063000,35,14423,2096,0,0,8,6,6,6,2076000,0
Oman,0,0,1984,-10,0,0,1,Autocracy,27,0,2131009,25,8943,1361,0,0,8,6,6,6,1345380,0
Pakistan,0,1,1989,8,1,0,0,Democracy,1,660,2580000,520,34773,109140,19562,0.01,5,3,3,3,105269632,0
Pakistan,0,1,1990,8,1,0,0,Democracy,2,780,2910000,550,37001,112404,20169,0.01,5,3,3,3,107975056,0
Pakistan,0,0,1990,8,1,0,0,Democracy,2,780,2910000,550,37001,112404,20169,0.01,5,3,3,3,107975056,0
Pakistan,0,1,1986,-4,0,1,0,Anocracy,1,710,2270000,483,30911,99539,17849,0.01,5,4,5,4.5,97353880,0
Pakistan,0,1,1987,-4,0,1,0,Anocracy,2,710,2580000,481,32418,102705,18403,0.01,5,4,5,4.5,99953232,0
Pakistan,0,0,1991,8,1,0,0,Democracy,3,870,3230000,565,39279,115766,20794,0.01,5,4,4,4,110750016,0
Pakistan,1,0,1993,8,1,0,0,Democracy,5,992,3300000,580,49921,122795,22814,0.01,5,4,5,4.5,116444160,0
Pakistan,0,1,1999,-6,0,0,1,Autocracy,0,900,3523000,590,52318,152331,32208,0.01,5,4,5,4.5,134790000,0
Pakistan,0,0,2001,-6,0,0,1,Autocracy,2,1000,2395000,620,52321,156550,34529,0.01,5,6,5,5.5,141450144,0
Pakistan,1,0,2001,-6,0,0,1,Autocracy,2,1000,2395000,620,52321,156550,34529,0.01,5,6,5,5.5,141450144,0
Pakistan,1,0,1981,-7,0,0,1,Autocracy,4,0,1648765,560,24900,85118,14783,0.01,5,7,5,6,85096000,0
Pakistan,0,1,1983,-7,0,0,1,Autocracy,6,110,1871223,479,26892,90617,16023,0.01,5,7,5,6,89831888,0
Pakistan,0,0,1983,-7,0,0,1,Autocracy,6,110,1871223,479,26892,90617,16023,0.01,5,7,5,6,89831888,0
Pakistan,1,0,1984,-7,0,0,1,Autocracy,7,500,1956889,479,27846,93499,16637,0.01,5,7,5,6,92284304,0
Pakistan,1,0,1985,-4,0,1,0,Anocracy,0,720,2067000,483,29906,96472,17317,0.01,5,7,5,6,94794432,0
Pakistan,0,0,1982,-7,0,0,1,Autocracy,5,0,2201222,588,26822,87825,15379,0.01,5,7,5,6,87436144,0
Panama,0,1,1985,-6,0,0,1,Autocracy,17,0,96469,12,2295,2167,643,0,3,4,3,3.5,2167000,0
Panama,0,1,1984,-6,0,0,1,Autocracy,16,0,88009,11,2872,2122,624,0,3,5,4,4.5,2122860,0
Panama,0,1,1988,-8,0,0,1,Autocracy,20,0,101000,11,2035,2303,673,0,3,5,5,5,2303530,0
Panama,1,0,1988,-8,0,0,1,Autocracy,20,0,101000,11,2035,2303,673,0,3,5,5,5,2303530,0
Panama,0,1,1987,-8,0,0,1,Autocracy,19,0,104600,12,2647,2257,665,0,3,6,3,4.5,2257330,0
Panama,0,1,1987,-8,0,0,1,Autocracy,19,0,104600,12,2647,2257,665,0,3,6,3,4.5,2257330,0
Panama,1,0,1987,-8,0,0,1,Autocracy,19,0,104600,12,2647,2257,665,0,3,6,3,4.5,2257330,0
Panama,1,0,1989,8,1,0,0,Democracy,0,0,141000,14,1947,2350,686,0,3,6,5,5.5,2350410,0
Papua New Guinea,0,1,1982,10,1,0,0,Democracy,7,0,33000,3,1918,3110,129,0,3,2,2,2,3248740,0
Papua New Guinea,0,1,1984,10,1,0,0,Democracy,9,0,33000,3,1937,3261,142,0,3,2,2,2,3423130,0
Papua New Guinea,1,0,1988,10,1,0,0,Democracy,13,0,38110,3,2047,3557,158,0,3,2,2,2,3793240,0
Papua New Guinea,0,1,1988,10,1,0,0,Democracy,13,0,38110,3,2047,3557,158,0,3,2,2,2,3793240,0
Papua New Guinea,0,1,1990,10,1,0,0,Democracy,15,0,49820,4,2138,3698,174,0,3,2,2,2,3980000,0
Papua New Guinea,0,1,1992,10,1,0,0,Democracy,17,0,58900,4,2254,3847,181,0,4,2,3,2.5,4180730,0
Papua New Guinea,1,0,1996,10,1,0,0,Democracy,21,0,80000,5,2235,4400,206,0,4,2,4,3,4639770,0
Papua New Guinea,0,1,1993,10,1,0,0,Democracy,18,0,86700,4,2257,3922,184,0,4,2,3,2.5,4288480,0
Peru,0,0,1981,7,1,0,0,Democracy,1,364,887554,157,16773,17720,6527,0,5,2,3,2.5,17762080,0
Peru,0,0,1984,7,1,0,0,Democracy,4,337,1372098,135,17682,18992,7953,0,5,2,3,2.5,19067600,0
Peru,0,0,1991,8,1,0,0,Democracy,11,404,701000,123,15325,21998,10955,0,5,3,4,3.5,21997150,0
Peru,1,0,1992,-3,0,1,0,Anocracy,0,343,782630,112,15297,22454,11207,0,5,3,5,4,22437620,0
Peru,0,1,1997,1,0,1,0,Anocracy,4,607,1276000,115,14599,24371,12541,0,5,4,3,3.5,24741390,0
Peru,0,0,1995,1,0,1,0,Anocracy,2,512,874000,115,15410,23532,11993,0,5,5,4,4.5,23837000,0
Peru,1,0,1995,1,0,1,0,Anocracy,2,512,874000,115,15410,23532,11993,0,5,5,4,4.5,23837000,0
Peru,0,1,1998,1,0,1,0,Anocracy,5,631,1009000,115,14563,24797,12825,0,5,5,4,4.5,25163120,0
Philippines,0,1,1988,8,1,0,0,Democracy,1,300,857550,148,28786,58721,13482,0.01,6,2,2,2,58251552,0
Philippines,0,0,2001,8,1,0,0,Democracy,14,400,1065000,107,38952,75975,19043,0.01,7,2,3,2.5,78317032,0
Philippines,0,1,2000,8,1,0,0,Democracy,13,426,1357000,106,38948,75967,18455,0.01,7,2,3,2.5,76626496,0
Philippines,1,0,1996,8,1,0,0,Democracy,9,920,1520000,103,41201,71899,16065,0.01,7,2,4,3,69909592,0
Philippines,0,0,1998,8,1,0,0,Democracy,11,880,1521000,106,38940,72944,17256,0.01,7,2,3,2.5,73176864,0
Philippines,1,0,1998,8,1,0,0,Democracy,11,880,1521000,106,38940,72944,17256,0.01,7,2,3,2.5,73176864,0
Philippines,0,1,1999,8,1,0,0,Democracy,12,530,1627000,107,38944,74454,17884,0.01,7,2,3,2.5,74878192,0
Philippines,0,0,1994,8,1,0,0,Democracy,7,473,1117000,104,32983,68624,15332,0.01,7,3,4,3.5,66814080,0
Philippines,0,0,1995,8,1,0,0,Democracy,8,923,1361000,104,38070,70267,15501,0.01,7,3,4,3.5,68341000,0
Philippines,0,1,1985,-6,0,0,1,Autocracy,2,260,474020,115,22560,54668,12496,0,6,4,4,4,54231000,0
Philippines,0,0,1980,-9,0,0,1,Autocracy,8,430,612230,155,24611,48317,6890,0,5,5,5,5,48035000,0
Philippines,0,0,1982,-7,0,0,1,Autocracy,0,370,909822,157,24811,50783,8076,0,5,5,5,5,50431128,0
Philippines,1,0,1982,-7,0,0,1,Autocracy,0,370,909822,157,24811,50783,8076,0,5,5,5,5,50431128,0
Poland,0,1,1997,9,1,0,0,Democracy,6,11585,3073000,230,141432,38650,11565,0.01,12,1,2,1.5,38650000,0
Poland,0,0,2000,9,1,0,0,Democracy,9,10498,3092000,217,131255,38765,11524,0.01,12,1,2,1.5,38648000,0
Poland,0,0,2000,9,1,0,0,Democracy,9,10498,3092000,217,131255,38765,11524,0.01,12,1,2,1.5,38648000,0
Poland,0,0,1998,9,1,0,0,Democracy,7,9915,3491000,230,131302,38718,11528,0.01,12,1,2,1.5,38666152,0
Poland,0,0,1993,8,1,0,0,Democracy,2,9936,2200000,260,141295,38459,11849,0.01,12,2,2,2,38459000,0
Poland,1,0,1987,-6,0,0,1,Autocracy,40,17145,5900000,441,186390,37664,11335,0.01,6,6,5,5.5,37664000,0
Portugal,0,0,1992,10,1,0,0,Democracy,16,749,1660000,80,20590,9867,1145,0,2,1,1,1,9867000,0
Portugal,0,0,2000,10,1,0,0,Democracy,24,1088,2221000,45,25356,9875,1342,0,2,1,1,1,10008000,0
Portugal,0,0,2000,10,1,0,0,Democracy,24,1088,2221000,45,25356,9875,1342,0,2,1,1,1,10008000,0
Portugal,0,0,2001,10,1,0,0,Democracy,25,728,2226000,44,25362,9875,1368,0,2,1,1,1,10024000,0
Portugal,0,0,1999,10,1,0,0,Democracy,23,1044,2302000,71,25351,9873,1317,0,2,1,1,1,9989000,0
Portugal,0,0,1998,10,1,0,0,Democracy,22,936,2382000,71,25345,9869,1281,0,2,1,1,1,9968000,0
Qatar,1,0,1986,-10,0,0,1,Autocracy,15,493,37250,9,12092,386,217,0,7,5,5,5,387330,0
Qatar,0,0,1986,-10,0,0,1,Autocracy,15,493,45180,9,12092,386,217,0,7,5,5,5,387330,0
Qatar,0,1,1987,-10,0,0,1,Autocracy,16,503,154200,11,11078,414,226,0,7,5,5,5,415310,0
Qatar,0,0,1984,-10,0,0,1,Autocracy,13,475,165940,6,10887,330,204,0,7,5,5,5,327920,0
Qatar,0,1,1992,-10,0,0,1,Autocracy,21,575,37250,8,30529,533,312,0,7,7,5,6,491960,0
Qatar,0,0,1995,-10,0,0,1,Autocracy,24,606,700000,10,32442,548,338,0,7,7,6,6.5,505000,0
Qatar,0,0,1991,-10,0,0,1,Autocracy,20,561,934070,11,18625,503,264,0,7,7,5,6,488000,0
Rumania,0,0,1997,8,1,0,0,Democracy,1,6674,793000,200,55797,22565,7015,0.01,6,2,3,2.5,22554000,0
Rumania,0,0,2000,8,1,0,0,Democracy,4,4770,940000,207,50794,22327,6985,0,6,2,2,2,22435000,0
Rumania,0,0,2000,8,1,0,0,Democracy,4,4770,940000,207,50794,22327,6985,0,6,2,2,2,22435000,0
Rumania,0,0,1993,5,0,1,0,Anocracy,3,5446,834000,200,65376,22755,8800,0.01,6,4,4,4,22755000,0
Rumania,0,1,1988,-8,0,0,1,Autocracy,39,14314,809000,220,121280,23054,6657,0.01,5,7,7,7,23054000,0
Rumania,0,1,1987,-8,0,0,1,Autocracy,38,13885,1183000,248,119149,22940,6566,0.01,5,7,7,7,22940000,0
Russia,0,0,1993,4,0,1,0,Anocracy,0,54000,29120000,1500,1029922,148146,67957,0.06,22,3,4,3.5,148520000,1
Russia,1,0,1993,4,0,1,0,Anocracy,0,54000,29120000,1500,1029922,148146,67957,0.06,22,3,4,3.5,148520000,1
Russia,0,0,1993,4,0,1,0,Anocracy,0,54000,29120000,1500,1029922,148146,67957,0.06,22,3,4,3.5,148520000,1
Russia,0,0,1993,4,0,1,0,Anocracy,0,54000,29120000,1500,1029922,148146,67957,0.06,22,3,4,3.5,148520000,1
Russia,0,0,1993,4,0,1,0,Anocracy,0,54000,29120000,1500,1029922,148146,67957,0.06,22,3,4,3.5,148520000,1
Russia,0,0,1993,4,0,1,0,Anocracy,0,54000,29120000,1500,1029922,148146,67957,0.06,22,3,4,3.5,148520000,1
Russia,0,1,1993,4,0,1,0,Anocracy,0,54000,29120000,1500,1029922,148146,67957,0.06,22,3,4,3.5,148520000,1
Russia,1,0,1992,6,1,0,0,Democracy,0,62000,47220000,1900,1105683,148310,62371,0.07,22,3,3,3,148688992,1
Russia,1,0,1992,6,1,0,0,Democracy,0,62000,47220000,1900,1105683,148310,62371,0.07,22,3,3,3,148688992,1
Russia,1,0,1992,6,1,0,0,Democracy,0,62000,47220000,1900,1105683,148310,62371,0.07,22,3,3,3,148688992,1
Russia,0,1,1992,6,1,0,0,Democracy,0,62000,47220000,1900,1105683,148310,62371,0.07,22,3,3,3,148688992,1
Russia,0,1,1992,6,1,0,0,Democracy,0,62000,47220000,1900,1105683,148310,62371,0.07,22,3,3,3,148688992,1
Russia,0,1,1998,4,0,1,0,Anocracy,5,43822,57107000,1000,829844,147434,66797,0.05,22,3,4,3.5,146899008,1
Russia,0,0,1998,4,0,1,0,Anocracy,5,43822,57107000,1000,829844,147434,66797,0.05,22,3,4,3.5,146899008,1
Russia,0,0,1998,4,0,1,0,Anocracy,5,43822,57107000,1000,829844,147434,66797,0.05,22,3,4,3.5,146899008,1
Russia,0,0,1998,4,0,1,0,Anocracy,5,43822,57107000,1000,829844,147434,66797,0.05,22,3,4,3.5,146899008,1
Russia,0,1,1997,4,0,1,0,Anocracy,4,48502,64000000,1300,845827,147105,67365,0.06,22,3,4,3.5,147304000,1
Russia,1,0,1997,4,0,1,0,Anocracy,4,48502,64000000,1300,845827,147105,67365,0.06,22,3,4,3.5,147304000,1
Russia,0,0,1997,4,0,1,0,Anocracy,4,48502,64000000,1300,845827,147105,67365,0.06,22,3,4,3.5,147304000,1
Russia,1,0,1997,4,0,1,0,Anocracy,4,48502,64000000,1300,845827,147105,67365,0.06,22,3,4,3.5,147304000,1
Russia,1,0,1996,4,0,1,0,Anocracy,3,49253,73990000,1300,919717,147739,66980,0.06,22,3,4,3.5,147739008,1
Russia,0,0,1996,4,0,1,0,Anocracy,3,49253,73990000,1300,919717,147739,66980,0.06,22,3,4,3.5,147739008,1
Russia,0,1,1996,4,0,1,0,Anocracy,3,49253,73990000,1300,919717,147739,66980,0.06,22,3,4,3.5,147739008,1
Russia,0,0,1995,4,0,1,0,Anocracy,2,51589,82000000,1400,977446,147774,66598,0.06,22,3,4,3.5,148140992,1
Russia,0,1,1994,4,0,1,0,Anocracy,1,48812,96693000,1400,911359,147968,66648,0.07,22,3,4,3.5,148336000,1
Russia,0,1,1994,4,0,1,0,Anocracy,1,48812,96693000,1400,911359,147968,66648,0.07,22,3,4,3.5,148336000,1
Russia,0,0,1994,4,0,1,0,Anocracy,1,48812,96693000,1400,911359,147968,66648,0.07,22,3,4,3.5,148336000,1
Russia,1,0,1994,4,0,1,0,Anocracy,1,48812,96693000,1400,911359,147968,66648,0.07,22,3,4,3.5,148336000,1
Russia,0,0,2000,7,1,0,0,Democracy,0,59136,52000000,15200,828968,146934,65810,0.12,22,4,5,4.5,145555008,1
Russia,0,0,2000,7,1,0,0,Democracy,0,59136,52000000,15200,828968,146934,65810,0.12,22,4,5,4.5,145555008,1
Russia,0,1,2000,7,1,0,0,Democracy,0,59136,52000000,15200,828968,146934,65810,0.12,22,4,5,4.5,145555008,1
Russia,1,0,2000,7,1,0,0,Democracy,0,59136,52000000,15200,828968,146934,65810,0.12,22,4,5,4.5,145555008,1
Russia,0,0,2000,7,1,0,0,Democracy,0,59136,52000000,15200,828968,146934,65810,0.12,22,4,5,4.5,145555008,1
Russia,0,1,2000,7,1,0,0,Democracy,0,59136,52000000,15200,828968,146934,65810,0.12,22,4,5,4.5,145555008,1
Russia,0,0,2000,7,1,0,0,Democracy,0,59136,52000000,15200,828968,146934,65810,0.12,22,4,5,4.5,145555008,1
Russia,0,0,1999,4,0,1,0,Anocracy,6,51510,56800000,900,829406,147196,66234,0.05,22,4,4,4,146308992,1
Russia,0,0,1999,4,0,1,0,Anocracy,6,51510,56800000,900,829406,147196,66234,0.05,22,4,4,4,146308992,1
Russia,0,1,1999,4,0,1,0,Anocracy,6,51510,56800000,900,829406,147196,66234,0.05,22,4,4,4,146308992,1
Russia,0,0,1999,4,0,1,0,Anocracy,6,51510,56800000,900,829406,147196,66234,0.05,22,4,4,4,146308992,1
Russia,0,0,1999,4,0,1,0,Anocracy,6,51510,56800000,900,829406,147196,66234,0.05,22,4,4,4,146308992,1
Russia,0,0,1999,4,0,1,0,Anocracy,6,51510,56800000,900,829406,147196,66234,0.05,22,4,4,4,146308992,1
Russia,0,0,2001,7,1,0,0,Democracy,0,58970,63684000,977,828530,146933,65389,0.05,22,5,5,5,144752000,1
Russia,0,0,2001,7,1,0,0,Democracy,0,58970,63684000,977,828530,146933,65389,0.05,22,5,5,5,144752000,1
Russia,0,0,2001,7,1,0,0,Democracy,0,58970,63684000,977,828530,146933,65389,0.05,22,5,5,5,144752000,1
Russia,0,0,2001,7,1,0,0,Democracy,0,58970,63684000,977,828530,146933,65389,0.05,22,5,5,5,144752000,1
Rwanda,0,1,1991,-7,0,0,1,Autocracy,30,0,117390,30,1803,6670,234,0,4,6,6,6,7150000,0
Rwanda,1,0,1996,-6,0,0,1,Autocracy,2,0,97000,55,1800,5397,244,0,4,7,6,6.5,6727000,0
Rwanda,0,1,2000,-4,0,1,0,Anocracy,6,0,98000,70,260,7733,340,0,4,7,6,6.5,8508000,0
Rwanda,0,0,2001,-4,0,1,0,Anocracy,7,0,98000,70,259,7740,354,0,4,7,6,6.5,8690550,0
Rwanda,0,1,1999,-6,0,0,1,Autocracy,5,0,135000,40,260,7235,326,0,4,7,6,6.5,8310000,0
Rwanda,1,0,1998,-6,0,0,1,Autocracy,4,0,144000,40,261,6604,296,0,4,7,6,6.5,8105000,0
Saudi Arabia,0,1,1987,-10,0,0,1,Autocracy,61,1365,16240000,80,167118,13612,4520,0.01,15,6,7,6.5,13721070,0
Saudi Arabia,0,0,1986,-10,0,0,1,Autocracy,60,1100,17300000,80,160233,13347,4280,0.01,15,6,7,6.5,13037940,0
Saudi Arabia,0,1,1986,-10,0,0,1,Autocracy,60,1100,17300000,80,160233,13347,4280,0.01,15,6,7,6.5,13037940,0
Saudi Arabia,0,0,1985,-10,0,0,1,Autocracy,59,1106,17693000,80,133310,12649,4054,0.01,15,6,7,6.5,12379000,0
Saudi Arabia,0,1,1985,-10,0,0,1,Autocracy,59,1106,17693000,80,133310,12649,4054,0.01,15,6,7,6.5,12379000,0
Saudi Arabia,0,0,1980,-10,0,0,1,Autocracy,54,50,19261130,79,131656,9604,3087,0.01,15,6,6,6,9372000,0
Saudi Arabia,0,0,1983,-10,0,0,1,Autocracy,57,400,21921329,80,117989,11352,3635,0.01,15,6,6,6,11103650,0
Saudi Arabia,0,1,1984,-10,0,0,1,Autocracy,58,842,22674354,80,122598,11987,3839,0.01,15,6,7,6.5,11736740,0
Saudi Arabia,0,1,1984,-10,0,0,1,Autocracy,58,842,22674354,80,122598,11987,3839,0.01,15,6,7,6.5,11736740,0
Saudi Arabia,0,0,1981,-10,0,0,1,Autocracy,55,72,24400876,79,134906,10163,3260,0.01,15,6,6,6,9910020,0
Saudi Arabia,1,0,1992,-10,0,0,1,Autocracy,66,1900,14490000,172,236490,16964,5546,0.01,14,7,6,6.5,16831000,0
Saudi Arabia,0,1,1994,-10,0,0,1,Autocracy,68,2411,14554000,164,244768,17765,5911,0.01,14,7,7,7,17734860,0
Saudi Arabia,0,0,1995,-10,0,0,1,Autocracy,69,2451,17196000,175,250024,18255,6163,0.01,14,7,7,7,18204840,0
Saudi Arabia,0,0,1993,-10,0,0,1,Autocracy,67,2000,17516000,172,237178,17350,5726,0.01,15,7,7,7,17277020,0
Saudi Arabia,0,0,1997,-10,0,0,1,Autocracy,71,2539,18151000,180,135921,19494,6701,0.01,14,7,7,7,19182480,0
Saudi Arabia,0,0,1990,-10,0,0,1,Autocracy,64,1833,23200000,146,204364,14870,5203,0.01,16,7,6,6.5,15803000,0
Saudi Arabia,0,0,2001,-10,0,0,1,Autocracy,75,3413,24266000,201,140292,21615,7823,0.01,14,7,7,7,21408470,0
Senegal,0,0,1989,-1,0,1,0,Anocracy,11,0,94950,15,2501,7103,1983,0,6,3,4,3.5,7127880,0
Senegal,0,1,1989,-1,0,1,0,Anocracy,11,0,94950,15,2501,7103,1983,0,6,3,4,3.5,7127880,0
Senegal,0,0,1990,-1,0,1,0,Anocracy,12,0,111850,18,2689,7298,2117,0,6,4,3,3.5,7327000,0
Senegal,1,0,1990,-1,0,1,0,Anocracy,12,0,111850,18,2689,7298,2117,0,6,4,3,3.5,7327000,0
Senegal,1,0,1992,-1,0,1,0,Anocracy,14,0,126700,18,2731,7704,2385,0,6,4,3,3.5,7656430,0
Sierra Leone,0,0,1999,0,0,1,0,Anocracy,0,0,11000,3,192,4717,695,0,2,3,5,4,4932230,0
Sierra Leone,1,0,2001,2,0,1,0,Anocracy,0,0,12000,6,191,4856,786,0,2,4,5,4.5,5133380,0
Sierra Leone,0,1,2001,2,0,1,0,Anocracy,0,0,12000,6,191,4856,786,0,2,4,5,4.5,5133380,0
Sierra Leone,0,1,1997,0,0,1,0,Anocracy,0,0,51000,5,191,4428,649,0,2,4,5,4.5,4726010,0
Sierra Leone,0,0,1990,-7,0,0,1,Autocracy,19,0,4239,5,1211,3997,531,0,2,6,5,5.5,3999000,0
Sierra Leone,1,0,1991,-6,0,0,1,Autocracy,20,0,12000,5,1270,4040,545,0,2,6,5,5.5,4093000,0
Singapore,0,1,1987,-2,0,1,0,Anocracy,22,0,1130000,56,1453,2554,2631,0,2,4,5,4.5,2775000,0
Singapore,0,1,1987,-2,0,1,0,Anocracy,22,0,1130000,56,1453,2554,2631,0,2,4,5,4.5,2775000,0
Singapore,0,1,1992,-2,0,1,0,Anocracy,27,482,2500000,56,2158,3178,2818,0,2,4,4,4,3232000,0
Slovakia,0,0,2000,9,1,0,0,Democracy,7,3733,342000,39,23415,5387,696,0,5,1,2,1.5,5401000,0
Slovakia,0,0,2000,9,1,0,0,Democracy,7,3733,342000,39,23415,5387,696,0,5,1,2,1.5,5401000,0
Slovenia,0,0,2000,10,1,0,0,Democracy,9,519,273000,9,8631,1986,264,0,4,1,2,1.5,1989000,0
Slovenia,0,0,2000,10,1,0,0,Democracy,9,519,273000,9,8631,1986,264,0,4,1,2,1.5,1989000,0
Somalia,1,0,1989,-7,0,0,1,Autocracy,20,0,18050,47,3023,8489,447,0,7,7,7,7,6678910,0
Somalia,0,1,1987,-7,0,0,1,Autocracy,18,0,31613,50,2946,8211,426,0,7,7,7,7,6430320,0
Somalia,0,1,1980,-7,0,0,1,Autocracy,11,0,97893,54,2000,6713,377,0,7,7,7,7,6487000,0
Somalia,0,1,1982,-7,0,0,1,Autocracy,13,0,121505,54,2586,7218,387,0,7,7,7,7,6813030,0
Somalia,0,1,1984,-7,0,0,1,Autocracy,15,0,130113,43,2698,7676,397,0,7,7,7,7,6750480,0
Somalia,0,1,1984,-7,0,0,1,Autocracy,15,0,130113,43,2698,7676,397,0,7,7,7,7,6750480,0
Somalia,0,1,1985,-7,0,0,1,Autocracy,16,0,134220,43,2830,7875,406,0,7,7,7,7,6632000,0
Somalia,0,0,1981,-7,0,0,1,Autocracy,12,0,162042,54,2162,6968,382,0,7,7,7,7,6704990,0
South Africa,1,0,1985,4,0,1,0,Anocracy,75,8582,2147000,95,133484,33043,9296,0.01,5,5,6,5.5,31307880,0
South Africa,0,0,1986,4,0,1,0,Anocracy,76,8127,2340000,90,134692,33833,9432,0.01,5,5,6,5.5,32121290,0
South Africa,1,0,1986,4,0,1,0,Anocracy,76,8127,2340000,90,134692,33833,9432,0.01,5,5,6,5.5,32121290,0
South Africa,1,0,1986,4,0,1,0,Anocracy,76,8127,2340000,90,134692,33833,9432,0.01,5,5,6,5.5,32121290,0
South Africa,1,0,1986,4,0,1,0,Anocracy,76,8127,2340000,90,134692,33833,9432,0.01,5,5,6,5.5,32121290,0
South Africa,0,1,1984,4,0,1,0,Anocracy,74,7827,2634556,97,125517,32254,9159,0.01,5,5,6,5.5,30505360,0
South Africa,1,0,1982,4,0,1,0,Anocracy,72,8271,2675998,78,103607,30686,8663,0.01,5,5,6,5.5,28971840,0
South Africa,1,0,1987,4,0,1,0,Anocracy,77,9032,3290000,102,137950,34626,9569,0.01,5,5,6,5.5,32933080,0
South Africa,0,1,1987,4,0,1,0,Anocracy,77,9032,3290000,102,137950,34626,9569,0.01,5,5,6,5.5,32933080,0
South Africa,1,0,1987,4,0,1,0,Anocracy,77,9032,3290000,102,137950,34626,9569,0.01,5,5,6,5.5,32933080,0
South Africa,0,1,1983,4,0,1,0,Anocracy,73,7190,3306705,77,109936,31467,8919,0.01,5,5,6,5.5,29724000,0
South Africa,1,0,1988,4,0,1,0,Anocracy,78,8830,3410000,100,141796,35425,9706,0.01,5,5,6,5.5,33728500,0
South Africa,0,0,1988,4,0,1,0,Anocracy,78,8830,3410000,100,141796,35425,9706,0.01,5,5,6,5.5,33728500,0
South Africa,1,0,1988,4,0,1,0,Anocracy,78,8830,3410000,100,141796,35425,9706,0.01,5,5,6,5.5,33728500,0
South Africa,0,0,1994,9,1,0,0,Democracy,0,8525,4071000,75,166928,40436,10938,0.01,6,5,4,4.5,38283220,0
South Africa,0,0,1994,9,1,0,0,Democracy,0,8525,4071000,75,166928,40436,10938,0.01,6,5,4,4.5,38283220,0
Spain,0,1,1985,10,1,0,0,Democracy,7,14679,3640000,314,97944,38474,13610,0.01,6,1,2,1.5,38408000,0
Spain,0,0,1986,10,1,0,0,Democracy,8,11905,4510000,314,97963,38604,13099,0.01,6,1,2,1.5,38519000,0
Spain,0,1,1984,10,1,0,0,Democracy,6,13379,4534126,342,92330,38328,14142,0.01,6,1,2,1.5,38273000,0
Spain,0,1,1984,10,1,0,0,Democracy,6,13379,4534126,342,92330,38328,14142,0.01,6,1,2,1.5,38273000,0
Spain,0,1,1984,10,1,0,0,Democracy,6,13379,4534126,342,92330,38328,14142,0.01,6,1,2,1.5,38273000,0
Spain,0,1,1987,10,1,0,0,Democracy,9,11691,5700000,314,95568,38716,13688,0.01,6,1,2,1.5,38609000,0
Spain,0,1,1988,10,1,0,0,Democracy,10,11886,6540000,304,95637,38809,14303,0.01,6,1,2,1.5,38691000,0
Spain,0,1,1988,10,1,0,0,Democracy,10,11886,6540000,304,95637,38809,14303,0.01,6,1,2,1.5,38691000,0
Spain,0,0,2001,10,1,0,0,Democracy,23,16504,6938000,144,140589,39631,16580,0.01,8,1,2,1.5,41117000,0
Spain,0,0,2000,10,1,0,0,Democracy,22,15874,7063000,166,140511,39630,16534,0.01,8,1,2,1.5,40499792,0
Spain,0,0,2000,10,1,0,0,Democracy,22,15874,7063000,166,140511,39630,16534,0.01,8,1,2,1.5,40499792,0
Spain,0,0,1999,10,1,0,0,Democracy,21,14882,7227000,155,140434,39634,16488,0.01,8,1,2,1.5,40202000,0
Spain,0,0,1998,10,1,0,0,Democracy,20,14827,7522000,189,140356,39628,16425,0.01,8,1,2,1.5,39853000,0
Spain,0,0,1992,10,1,0,0,Democracy,14,12161,7680000,198,117814,39008,16316,0.01,6,1,1,1,39006000,0
Spain,0,0,1990,10,1,0,0,Democracy,12,12658,8540000,263,109488,38959,15618,0.01,6,1,1,1,38836000,0
Spain,0,1,1995,10,1,0,0,Democracy,17,13802,8652000,210,119798,39210,16305,0.01,8,1,2,1.5,39210000,0
Spain,0,1,1980,9,1,0,0,Democracy,2,12553,3992190,356,91680,37542,14359,0.01,6,2,2,2,37386000,0
Sri Lanka,1,0,1984,5,0,1,0,Anocracy,36,0,102003,17,5145,15603,1429,0,1,3,4,3.5,15324270,0
Sri Lanka,0,0,1989,5,0,1,0,Anocracy,41,0,350630,22,4705,16825,1419,0,1,3,4,3.5,16103330,0
Sri Lanka,0,0,1987,5,0,1,0,Anocracy,39,0,387160,22,5167,16361,1452,0,1,3,4,3.5,15783990,0
Sri Lanka,1,0,1992,5,0,1,0,Anocracy,44,30,547200,110,4958,17405,1462,0,1,4,5,4.5,16631000,0
Sudan,1,0,1989,-7,0,0,1,Autocracy,0,0,460000,65,8477,24989,3453,0,11,4,5,4.5,24365830,0
Sudan,0,0,1988,7,1,0,0,Democracy,2,0,478000,65,8390,24245,3356,0,11,4,5,4.5,23914710,0
Sudan,0,0,1987,7,1,0,0,Democracy,1,0,478200,59,8223,23517,3262,0,11,4,5,4.5,23448670,0
Sudan,0,1,1984,-7,0,0,1,Autocracy,13,0,212334,65,7714,21432,2880,0,11,5,5,5,21780150,0
Sudan,0,0,1983,-7,0,0,1,Autocracy,12,0,246876,86,7556,20777,2432,0,11,5,5,5,21144480,0
Sudan,0,0,1983,-7,0,0,1,Autocracy,12,0,246876,86,7556,20777,2432,0,11,5,5,5,21144480,0
Sudan,0,0,1983,-7,0,0,1,Autocracy,12,0,246876,86,7556,20777,2432,0,11,5,5,5,21144480,0
Sudan,1,0,1981,-7,0,0,1,Autocracy,10,0,311009,87,7084,19240,2309,0,11,5,5,5,19912470,0
Sudan,0,1,1986,7,1,0,0,Democracy,0,0,391200,59,8058,22804,3169,0,11,6,6,6,22955930,0
Sudan,1,0,1993,-7,0,0,1,Autocracy,4,0,255000,82,6214,28129,4752,0,11,7,7,7,26510070,0
Sudan,0,0,1994,-7,0,0,1,Autocracy,5,0,376000,82,6328,28947,5020,0,11,7,7,7,27197020,0
Sudan,0,1,1994,-7,0,0,1,Autocracy,5,0,376000,82,6328,28947,5020,0,11,7,7,7,27197020,0
Sudan,1,0,1994,-7,0,0,1,Autocracy,5,0,376000,82,6328,28947,5020,0,11,7,7,7,27197020,0
Sudan,1,0,1994,-7,0,0,1,Autocracy,5,0,376000,82,6328,28947,5020,0,11,7,7,7,27197020,0
Sudan,0,1,1998,-7,0,0,1,Autocracy,9,0,381000,105,1718,28292,6093,0,11,7,7,7,29978890,0
Sudan,1,0,1998,-7,0,0,1,Autocracy,9,0,381000,105,1718,28292,6093,0,11,7,7,7,29978890,0
Sudan,0,1,1995,-7,0,0,1,Autocracy,6,0,389000,89,6402,26707,5269,0,11,7,7,7,27952000,0
Sudan,0,0,1991,-7,0,0,1,Autocracy,2,0,393013,65,8792,26530,3658,0,10,7,7,7,25324080,0
Sudan,0,1,1996,-7,0,0,1,Autocracy,7,0,412000,89,6552,27291,5530,0,11,7,7,7,28669880,0
Sudan,0,1,1996,-7,0,0,1,Autocracy,7,0,412000,89,6552,27291,5530,0,11,7,7,7,28669880,0
Sudan,0,0,1997,-7,0,0,1,Autocracy,8,0,413000,105,1703,27899,5805,0,11,7,7,7,29346750,0
Sudan,0,0,1997,-7,0,0,1,Autocracy,8,0,413000,105,1703,27899,5805,0,11,7,7,7,29346750,0
Sudan,0,0,2001,-7,0,0,1,Autocracy,12,0,588000,117,1706,29496,7010,0,11,7,7,7,31694590,0
Swaziland,0,1,1986,-10,0,0,1,Autocracy,13,0,8000,3,819,668,0,0,2,5,6,5.5,679720,0
Swaziland,0,1,1988,-10,0,0,1,Autocracy,15,0,8000,3,750,717,0,0,2,5,6,5.5,723340,0
Swaziland,0,0,1994,-9,0,0,1,Autocracy,21,0,22000,3,776,879,0,0,2,6,5,5.5,872400,0
Sweden,0,0,1981,10,1,0,0,Democracy,64,3795,2904513,70,24812,8320,2231,0,7,1,1,1,8320000,0
Sweden,1,0,1982,10,1,0,0,Democracy,65,3946,3191452,70,22932,8325,2229,0,7,1,1,1,8325000,0
Sweden,1,0,1983,10,1,0,0,Democracy,66,4204,3332561,68,25491,8329,2228,0,7,1,1,1,8331000,0
Sweden,0,0,2000,10,1,0,0,Democracy,83,5227,4610000,53,58944,8910,2491,0,9,1,1,1,8869000,0
Sweden,0,0,2000,10,1,0,0,Democracy,83,5227,4610000,53,58944,8910,2491,0,9,1,1,1,8869000,0
Sweden,0,1,1987,10,1,0,0,Democracy,70,4683,4860000,66,30335,8398,2273,0,7,1,1,1,8399000,0
Sweden,1,0,1987,10,1,0,0,Democracy,70,4683,4860000,66,30335,8398,2273,0,7,1,1,1,8399000,0
Sweden,1,0,1992,10,1,0,0,Democracy,75,4416,6200000,70,37855,8668,2335,0,9,1,1,1,8668000,0
Switzerland,0,0,2000,10,1,0,0,Democracy,152,1000,2924000,28,33564,7386,1064,0,5,1,1,1,7180000,0
Switzerland,0,0,2000,10,1,0,0,Democracy,152,1000,2924000,28,33564,7386,1064,0,5,1,1,1,7180000,0
Switzerland,0,0,1992,10,1,0,0,Democracy,144,1050,3700000,31,25631,6875,952,0,5,1,1,1,6875000,0
Syria,0,0,1980,-9,0,0,1,Autocracy,17,0,2166089,250,9542,8704,2875,0,7,5,6,5.5,8704000,0
Syria,1,0,1980,-9,0,0,1,Autocracy,17,0,2166089,250,9542,8704,2875,0,7,5,6,5.5,8704000,0
Syria,1,0,1982,-9,0,0,1,Autocracy,19,0,2548606,300,13640,9295,2824,0,7,5,6,5.5,9335770,0
Syria,0,0,1982,-9,0,0,1,Autocracy,19,0,2548606,300,13640,9295,2824,0,7,5,6,5.5,9335770,0
Syria,0,0,1982,-9,0,0,1,Autocracy,19,0,2548606,300,13640,9295,2824,0,7,5,6,5.5,9335770,0
Syria,0,1,1982,-9,0,0,1,Autocracy,19,0,2548606,300,13640,9295,2824,0,7,5,6,5.5,9335770,0
Syria,1,0,1983,-9,0,0,1,Autocracy,20,0,2821334,400,13924,9611,2907,0,7,5,7,6,9677580,0
Syria,1,0,1989,-9,0,0,1,Autocracy,26,0,1510000,400,20971,11719,3967,0,7,6,7,6.5,11719000,0
Syria,1,0,1989,-9,0,0,1,Autocracy,26,0,1510000,400,20971,11719,3967,0,7,6,7,6.5,11719000,0
Syria,1,0,1985,-9,0,0,1,Autocracy,22,0,3483000,402,17244,10267,3509,0,7,6,7,6.5,10397000,0
Syria,0,1,1987,-9,0,0,1,Autocracy,24,0,3950000,400,20024,10969,3657,0,7,6,7,6.5,10969000,0
Syria,0,0,1987,-9,0,0,1,Autocracy,24,0,3950000,400,20024,10969,3657,0,7,6,7,6.5,10969000,0
Syria,0,0,1998,-9,0,0,1,Autocracy,35,70,986000,315,23408,15333,5281,0,7,7,7,7,15402000,0
Syria,0,0,2000,-7,0,0,1,Autocracy,37,70,1483000,316,23403,16125,5625,0,7,7,7,7,16189000,0
Syria,0,0,1990,-9,0,0,1,Autocracy,27,76,1620000,408,21941,12116,4103,0,7,7,7,7,12116000,0
Syria,0,0,1995,-9,0,0,1,Autocracy,32,70,1738000,320,24866,14186,4810,0,7,7,7,7,14221000,0
Syria,0,0,1996,-9,0,0,1,Autocracy,33,70,2132000,320,24682,14619,4962,0,7,7,7,7,14620000,0
Syria,0,0,1996,-9,0,0,1,Autocracy,33,70,2132000,320,24682,14619,4962,0,7,7,7,7,14620000,0
Syria,0,0,1994,-9,0,0,1,Autocracy,31,70,2165000,320,24546,13844,4663,0,7,7,7,7,13784330,0
Syria,0,0,1997,-9,0,0,1,Autocracy,34,70,2217000,320,20316,14951,5119,0,7,7,7,7,15015000,0
Syria,0,0,1993,-9,0,0,1,Autocracy,30,70,3635000,408,25528,13393,4361,0.01,7,7,7,7,13355380,0
Taiwan (ROC),0,0,2001,9,1,0,0,Democracy,4,17214,10432000,370,15445,21877,13508,0.01,3,1,2,1.5,22342000,0
Taiwan (ROC),0,0,1999,9,1,0,0,Democracy,2,15438,14964000,370,15538,21873,13099,0.01,3,2,2,2,22008000,0
Taiwan (ROC),0,0,1991,-1,0,1,0,Anocracy,4,10644,9290000,370,11610,20557,11404,0.01,3,3,3,3,20454000,0
Taiwan (ROC),0,0,1993,7,1,0,0,Democracy,1,12779,10450000,442,12942,20944,12007,0.01,3,3,3,3,20899000,0
Taiwan (ROC),1,0,1995,7,1,0,0,Democracy,3,11605,13143000,425,14223,21304,12333,0.01,3,3,3,3,21268000,0
Taiwan (ROC),0,0,1995,7,1,0,0,Democracy,3,11605,13143000,425,14223,21304,12333,0.01,3,3,3,3,21268000,0
Taiwan (ROC),0,0,1995,7,1,0,0,Democracy,3,11605,13143000,425,14223,21304,12333,0.01,3,3,3,3,21268000,0
Taiwan (ROC),0,0,1995,7,1,0,0,Democracy,3,11605,13143000,425,14223,21304,12333,0.01,3,3,3,3,21268000,0
Taiwan (ROC),0,0,1996,8,1,0,0,Democracy,0,12350,13868000,400,14911,21471,12545,0.01,3,3,3,3,21441000,0
Taiwan (ROC),0,0,1994,7,1,0,0,Democracy,2,11594,11457000,425,13567,21126,12132,0.01,3,4,4,4,21026000,0
Taiwan (ROC),0,0,1994,7,1,0,0,Democracy,2,11594,11457000,425,13567,21126,12132,0.01,3,4,4,4,21026000,0
Taiwan (ROC),0,0,1994,7,1,0,0,Democracy,2,11594,11457000,425,13567,21126,12132,0.01,3,4,4,4,21026000,0
Taiwan (ROC),0,1,1986,-7,0,0,1,Autocracy,37,5545,4540000,424,9657,19455,10177,0.01,3,5,5,5,19356300,0
Taiwan (ROC),0,1,1987,-1,0,1,0,Anocracy,0,5915,5910000,424,10384,19673,10511,0.01,3,5,5,5,19563600,0
Taiwan (ROC),1,0,1988,-1,0,1,0,Anocracy,1,8288,6700000,406,10658,19904,11834,0.01,3,5,4,4.5,19788200,0
Tajikistan,0,1,1999,-1,0,1,0,Anocracy,1,0,92000,7,4568,6104,890,0,4,6,6,6,6160000,0
Tajikistan,0,0,1998,-1,0,1,0,Anocracy,0,0,102000,7,4535,6015,879,0,4,6,6,6,6127000,0
Tajikistan,0,0,2001,-1,0,1,0,Anocracy,3,0,127000,6,4634,6188,902,0,4,6,6,6,6244730,0
Tajikistan,0,1,1993,-6,0,0,1,Autocracy,1,0,151000,3,1964,5638,830,0,4,6,6,6,5638000,0
Tajikistan,0,0,1997,-5,0,1,0,Anocracy,0,0,132000,10,4442,6046,869,0,4,7,7,7,6018000,0
Tanzania,0,0,2000,2,0,1,0,Anocracy,0,0,144000,34,1153,33517,5442,0,11,4,4,4,33696000,0
Tanzania,1,0,1997,-1,0,1,0,Anocracy,2,0,123000,35,1154,31507,4582,0,11,5,5,5,31316100,0
Tanzania,0,0,1995,-1,0,1,0,Anocracy,0,0,87000,50,12597,30337,4061,0,11,6,6,6,29646000,0
Thailand,0,1,1990,3,0,1,0,Anocracy,12,685,2060000,283,47408,55839,7698,0.01,7,2,3,2.5,55595000,0
Thailand,1,0,1999,9,1,0,0,Democracy,7,1532,2638000,300,79559,60856,10688,0.01,7,2,3,2.5,60245800,0
Thailand,0,1,2001,9,1,0,0,Democracy,9,2000,18319000,306,79492,61402,11146,0.01,7,2,3,2.5,61183900,0
Thailand,0,0,1985,2,0,1,0,Anocracy,7,447,1520000,235,36476,51580,7453,0.01,7,3,4,3.5,51146000,0
Thailand,0,1,1982,2,0,1,0,Anocracy,4,312,1542992,250,29562,48709,5682,0.01,7,3,4,3.5,48633368,0
Thailand,0,1,1982,2,0,1,0,Anocracy,4,312,1542992,250,29562,48709,5682,0.01,7,3,4,3.5,48633368,0
Thailand,0,0,1983,2,0,1,0,Anocracy,5,340,1652304,233,29130,49680,6203,0.01,7,3,4,3.5,49535192,0
Thailand,0,1,1983,2,0,1,0,Anocracy,5,340,1652304,233,29130,49680,6203,0.01,7,3,4,3.5,49535192,0
Thailand,1,0,1987,2,0,1,0,Anocracy,9,534,1740000,256,36768,53427,7476,0.01,7,3,3,3,52799040,0
Thailand,0,1,1987,2,0,1,0,Anocracy,9,534,1740000,256,36768,53427,7476,0.01,7,3,3,3,52799040,0
Thailand,0,1,1984,2,0,1,0,Anocracy,6,381,1750223,235,30438,50637,6824,0.01,7,3,4,3.5,50378140,0
Thailand,0,1,1989,3,0,1,0,Anocracy,11,689,1800000,283,44645,55214,7499,0.01,7,3,3,3,54618620,0
Thailand,0,1,1989,3,0,1,0,Anocracy,11,689,1800000,283,44645,55214,7499,0.01,7,3,3,3,54618620,0
Thailand,0,1,1988,3,0,1,0,Anocracy,10,552,1830000,256,40172,54326,7487,0.01,7,3,3,3,53687208,0
Thailand,0,1,1997,9,1,0,0,Democracy,5,2101,3326000,288,86890,60602,9941,0.01,7,3,3,3,59370472,0
Thailand,0,1,1994,9,1,0,0,Democracy,2,1461,3630000,290,86265,58716,8466,0.01,7,3,5,4,58271528,0
Thailand,0,1,1995,9,1,0,0,Democracy,3,2134,4006000,288,95854,59401,8932,0.01,7,3,5,4,58610000,0
Thailand,0,1,1995,9,1,0,0,Democracy,3,2134,4006000,288,95854,59401,8932,0.01,7,3,5,4,58610000,0
Thailand,0,0,1996,9,1,0,0,Democracy,4,2143,4393000,288,115276,60003,9423,0.01,7,3,4,3.5,58976152,0
Thailand,0,1,1980,2,0,1,0,Anocracy,2,450,1096779,234,25223,46718,5189,0,7,4,3,3.5,46718000,0
Thailand,0,1,1980,2,0,1,0,Anocracy,2,450,1096779,234,25223,46718,5189,0,7,4,3,3.5,46718000,0
Thailand,0,1,1992,9,1,0,0,Democracy,0,779,2900000,283,69784,57294,7913,0.01,7,6,4,5,57189720,0
Togo,0,0,1993,-2,0,1,0,Anocracy,0,0,43100,8,504,3856,441,0,4,6,5,5.5,3710170,0
Togo,0,1,1982,-7,0,0,1,Autocracy,22,0,18763,6,209,2705,295,0,4,7,6,6.5,2679260,0
Togo,0,0,1994,-2,0,1,0,Anocracy,1,0,25000,8,692,3928,457,0,4,7,5,6,3807030,0
Togo,0,0,1994,-2,0,1,0,Anocracy,1,0,25000,8,692,3928,457,0,4,7,5,6,3807030,0
Trinidad and Tobago,0,1,1997,10,1,0,0,Democracy,35,736,40000,2,12668,1307,0,0,7,1,2,1.5,1277740,0
Trinidad and Tobago,0,1,1999,10,1,0,0,Democracy,37,729,40000,2,12969,1289,0,0,7,1,2,1.5,1292750,0
Trinidad and Tobago,0,1,1996,9,1,0,0,Democracy,34,695,67000,2,20254,1264,0,0,7,1,2,1.5,1270170,0
Tunisia,0,1,1985,-8,0,0,1,Autocracy,26,160,416537,38,4765,7261,857,0,6,5,5,5,7260360,0
Tunisia,0,0,1985,-8,0,0,1,Autocracy,26,160,416537,38,4765,7261,857,0,6,5,5,5,7260360,0
Tunisia,0,0,1980,-9,0,0,1,Autocracy,21,178,338701,29,3776,6392,612,0,6,6,5,5.5,6384000,0
Tunisia,0,0,1980,-9,0,0,1,Autocracy,21,178,338701,29,3776,6392,612,0,6,6,5,5.5,6384000,0
Turkey,1,0,1988,7,1,0,0,Democracy,5,8009,1700000,847,62011,53715,23905,0.01,12,2,4,3,53723000,0
Turkey,0,0,1988,7,1,0,0,Democracy,5,8009,1700000,847,62011,53715,23905,0.01,12,2,4,3,53723000,0
Turkey,0,0,1989,9,1,0,0,Democracy,6,7853,2100000,780,63534,54893,20548,0.01,12,2,4,3,54902000,0
Turkey,0,1,1989,9,1,0,0,Democracy,6,7853,2100000,780,63534,54893,20548,0.01,12,2,4,3,54902000,0
Turkey,0,0,1992,9,1,0,0,Democracy,9,9657,4140000,704,64785,58401,21984,0.01,16,2,4,3,57915000,0
Turkey,1,0,1991,9,1,0,0,Democracy,8,8572,4400000,804,65100,57305,21464,0.01,16,2,4,3,57024000,0
Turkey,0,1,1993,8,1,0,0,Democracy,10,9061,7075000,686,69350,59491,22526,0.01,16,2,4,3,58808000,0
Turkey,0,0,1993,8,1,0,0,Democracy,10,9061,7075000,686,69350,59491,22526,0.01,16,2,4,3,58808000,0
Turkey,0,0,1993,8,1,0,0,Democracy,10,9061,7075000,686,69350,59491,22526,0.01,16,2,4,3,58808000,0
Turkey,1,0,1993,8,1,0,0,Democracy,10,9061,7075000,686,69350,59491,22526,0.01,16,2,4,3,58808000,0
Turkey,0,1,1985,7,1,0,0,Democracy,2,4737,1649000,814,52833,50306,16502,0.01,12,3,5,4,50286000,0
Turkey,1,0,1986,7,1,0,0,Democracy,3,5989,1830000,860,59321,51433,18396,0.01,12,3,5,4,51440000,0
Turkey,0,0,1986,7,1,0,0,Democracy,3,5989,1830000,860,59321,51433,18396,0.01,12,3,5,4,51440000,0
Turkey,0,1,1986,7,1,0,0,Democracy,3,5989,1830000,860,59321,51433,18396,0.01,12,3,5,4,51440000,0
Turkey,0,0,1986,7,1,0,0,Democracy,3,5989,1830000,860,59321,51433,18396,0.01,12,3,5,4,51440000,0
Turkey,0,1,1986,7,1,0,0,Democracy,3,5989,1830000,860,59321,51433,18396,0.01,12,3,5,4,51440000,0
Turkey,0,1,1987,7,1,0,0,Democracy,4,7044,2020000,879,64407,52561,21151,0.01,12,3,4,3.5,52569000,0
Turkey,0,1,1987,7,1,0,0,Democracy,4,7044,2020000,879,64407,52561,21151,0.01,12,3,4,3.5,52569000,0
Turkey,0,0,1987,7,1,0,0,Democracy,4,7044,2020000,879,64407,52561,21151,0.01,12,3,4,3.5,52569000,0
Turkey,0,1,1987,7,1,0,0,Democracy,4,7044,2020000,879,64407,52561,21151,0.01,12,3,4,3.5,52569000,0
Turkey,0,0,1987,7,1,0,0,Democracy,4,7044,2020000,879,64407,52561,21151,0.01,12,3,4,3.5,52569000,0
Turkey,0,0,1990,9,1,0,0,Democracy,7,8373,2980000,769,65063,56098,20974,0.01,12,3,3,3,56130000,0
Turkey,0,0,1984,7,1,0,0,Democracy,1,4113,2190865,815,49749,49070,12637,0.01,12,4,5,4.5,49079000,0
Turkey,0,1,1984,7,1,0,0,Democracy,1,4113,2190865,815,49749,49070,12637,0.01,12,4,5,4.5,49079000,0
Turkey,0,0,1994,8,1,0,0,Democracy,11,12624,4600000,811,67560,60576,23943,0.02,16,4,4,4,59709000,0
Turkey,0,1,1994,8,1,0,0,Democracy,11,12624,4600000,811,67560,60576,23943,0.02,16,4,4,4,59709000,0
Turkey,0,0,2001,7,1,0,0,Democracy,18,14981,7219000,515,87444,66601,28737,0.01,16,4,5,4.5,66229000,0
Turkey,0,0,2001,7,1,0,0,Democracy,18,14981,7219000,515,87444,66601,28737,0.01,16,4,5,4.5,66229000,0
Turkey,0,0,2001,7,1,0,0,Democracy,18,14981,7219000,515,87444,66601,28737,0.01,16,4,5,4.5,66229000,0
Turkey,1,0,2001,7,1,0,0,Democracy,18,14981,7219000,515,87444,66601,28737,0.01,16,4,5,4.5,66229000,0
Turkey,0,0,2001,7,1,0,0,Democracy,18,14981,7219000,515,87444,66601,28737,0.01,16,4,5,4.5,66229000,0
Turkey,0,0,1997,7,1,0,0,Democracy,14,14475,7792000,820,85620,63745,26445,0.02,16,4,5,4.5,62455000,0
Turkey,0,0,1997,7,1,0,0,Democracy,14,14475,7792000,820,85620,63745,26445,0.02,16,4,5,4.5,62455000,0
Turkey,0,0,1997,7,1,0,0,Democracy,14,14475,7792000,820,85620,63745,26445,0.02,16,4,5,4.5,62455000,0
Turkey,0,0,1997,7,1,0,0,Democracy,14,14475,7792000,820,85620,63745,26445,0.02,16,4,5,4.5,62455000,0
Turkey,0,0,1998,7,1,0,0,Democracy,15,14144,8955000,788,87298,64479,27043,0.02,16,4,5,4.5,63391000,0
Turkey,0,0,1998,7,1,0,0,Democracy,15,14144,8955000,788,87298,64479,27043,0.02,16,4,5,4.5,63391000,0
Turkey,0,0,1999,7,1,0,0,Democracy,16,14313,9717000,789,87347,65546,27654,0.02,16,4,5,4.5,64337000,0
Turkey,0,0,1999,7,1,0,0,Democracy,16,14313,9717000,789,87347,65546,27654,0.02,16,4,5,4.5,64337000,0
Turkey,1,0,1999,7,1,0,0,Democracy,16,14313,9717000,789,87347,65546,27654,0.02,16,4,5,4.5,64337000,0
Turkey,0,0,1999,7,1,0,0,Democracy,16,14313,9717000,789,87347,65546,27654,0.02,16,4,5,4.5,64337000,0
Turkey,1,0,1999,7,1,0,0,Democracy,16,14313,9717000,789,87347,65546,27654,0.02,16,4,5,4.5,64337000,0
Turkey,0,0,2000,7,1,0,0,Democracy,17,14325,9994000,610,87395,66591,28190,0.01,16,4,5,4.5,65293000,0
Turkey,1,0,2000,7,1,0,0,Democracy,17,14325,9994000,610,87395,66591,28190,0.01,16,4,5,4.5,65293000,0
Turkey,0,0,2000,7,1,0,0,Democracy,17,14325,9994000,610,87395,66591,28190,0.01,16,4,5,4.5,65293000,0
Turkey,0,0,2000,7,1,0,0,Democracy,17,14325,9994000,610,87395,66591,28190,0.01,16,4,5,4.5,65293000,0
Turkey,1,0,2000,7,1,0,0,Democracy,17,14325,9994000,610,87395,66591,28190,0.01,16,4,5,4.5,65293000,0
Turkey,1,0,1982,-5,0,1,0,Anocracy,2,1998,2755065,769,44568,46688,11268,0.01,12,5,5,5,46696000,0
Turkey,0,0,1981,-5,0,1,0,Anocracy,1,1744,2815664,741,40436,45540,11049,0.01,12,5,5,5,45548000,0
Turkey,0,0,1981,-5,0,1,0,Anocracy,1,1744,2815664,741,40436,45540,11049,0.01,12,5,5,5,45548000,0
Turkey,1,0,1995,8,1,0,0,Democracy,12,13183,6606000,805,74294,61644,20994,0.02,16,5,5,5,60611000,0
Turkey,1,0,1995,8,1,0,0,Democracy,12,13183,6606000,805,74294,61644,20994,0.02,16,5,5,5,60611000,0
Turkey,1,0,1996,8,1,0,0,Democracy,13,13624,7674000,818,78500,62697,23562,0.02,16,5,5,5,61528000,0
Turkey,1,0,1996,8,1,0,0,Democracy,13,13624,7674000,818,78500,62697,23562,0.02,16,5,5,5,61528000,0
Turkey,1,0,1996,8,1,0,0,Democracy,13,13624,7674000,818,78500,62697,23562,0.02,16,5,5,5,61528000,0
Turkey,0,0,1996,8,1,0,0,Democracy,13,13624,7674000,818,78500,62697,23562,0.02,16,5,5,5,61528000,0
Turkey,1,0,1996,8,1,0,0,Democracy,13,13624,7674000,818,78500,62697,23562,0.02,16,5,5,5,61528000,0
Turkmenistan,0,0,1993,-9,0,0,1,Autocracy,2,0,74000,28,17647,4308,712,0,6,7,6,6.5,4236000,0
Uganda,0,0,1997,-4,0,1,0,Anocracy,4,30,166000,50,608,20438,1059,0,5,4,4,4,20420000,0
Uganda,0,0,1997,-4,0,1,0,Anocracy,4,30,166000,50,608,20438,1059,0,5,4,4,4,20420000,0
Uganda,1,0,1999,-4,0,1,0,Anocracy,6,30,199000,50,698,21143,1176,0,5,4,4,4,21620000,0
Uganda,0,0,1998,-4,0,1,0,Anocracy,5,30,230000,50,700,20554,1116,0,5,4,4,4,21040000,0
Uganda,0,1,1998,-4,0,1,0,Anocracy,5,30,230000,50,700,20554,1116,0,5,4,4,4,21040000,0
Uganda,0,1,1989,-7,0,0,1,Autocracy,3,0,83820,40,4001,16182,716,0,5,5,5,5,15769140,0
Uganda,0,1,1989,-7,0,0,1,Autocracy,3,0,83820,40,4001,16182,716,0,5,5,5,5,15769140,0
Uganda,0,0,1995,-4,0,1,0,Anocracy,2,30,126000,51,4655,19263,954,0,5,5,5,5,19220000,0
Uganda,0,0,1995,-4,0,1,0,Anocracy,2,30,126000,51,4655,19263,954,0,5,5,5,5,19220000,0
Uganda,0,1,1987,-7,0,0,1,Autocracy,1,0,130920,25,3730,15421,663,0,5,5,4,4.5,14838940,0
Uganda,1,0,1987,-7,0,0,1,Autocracy,1,0,130920,25,3730,15421,663,0,5,5,4,4.5,14838940,0
Uganda,1,0,2000,-4,0,1,0,Anocracy,7,30,135000,50,697,21778,1243,0,5,5,5,5,22210000,0
Uganda,1,0,1996,-4,0,1,0,Anocracy,3,30,156000,50,4817,19848,1005,0,5,5,4,4.5,19810000,0
Uganda,1,0,1991,-7,0,0,1,Autocracy,5,30,73290,60,4374,17190,773,0,5,6,5,5.5,16897510,0
Uganda,0,1,1994,-4,0,1,0,Anocracy,1,30,80000,60,4489,19080,905,0,5,6,5,5.5,18633010,0
Uganda,0,0,2001,-4,0,1,0,Anocracy,8,30,126000,55,695,21783,1314,0,5,6,5,5.5,22788000,0
Uganda,0,0,2001,-4,0,1,0,Anocracy,8,30,126000,55,695,21783,1314,0,5,6,5,5.5,22788000,0
Ukraine,0,0,1996,7,1,0,0,Democracy,5,22332,1286000,476,202143,51094,19963,0.02,10,3,4,3.5,51114000,0
Ukraine,0,0,1997,7,1,0,0,Democracy,6,25629,1324000,450,220774,50698,18963,0.02,10,3,4,3.5,50697000,0
Ukraine,0,0,2000,7,1,0,0,Democracy,9,31767,5100000,304,209701,50456,19048,0.02,10,3,4,3.5,49501000,0
Ukraine,0,0,2000,7,1,0,0,Democracy,9,31767,5100000,304,209701,50456,19048,0.02,10,3,4,3.5,49501000,0
Ukraine,0,1,1992,6,1,0,0,Democracy,1,42000,5300000,438,297077,52150,20308,0.02,10,3,3,3,52151000,0
Ukraine,1,0,1994,6,1,0,0,Democracy,3,24081,1098000,495,213791,51921,20225,0.02,10,4,4,4,51921000,0
United Arab Emirates,0,1,1987,-8,0,0,1,Autocracy,16,0,1580000,44,49525,1718,1249,0,5,5,5,5,1503270,0
United Arab Emirates,0,1,1988,-8,0,0,1,Autocracy,17,0,1590000,43,49074,1789,1249,0,5,5,5,5,1593220,0
United Arab Emirates,0,0,1986,-8,0,0,1,Autocracy,15,0,1880000,44,42328,1639,1248,0,5,5,5,5,1432630,0
United Arab Emirates,0,0,1984,-8,0,0,1,Autocracy,13,0,2343436,44,32830,1455,1143,0,5,5,5,5,1340700,0
United Arab Emirates,0,0,1992,-8,0,0,1,Autocracy,21,45,2100000,55,54653,2044,1351,0,5,6,5,5.5,2083000,0
United Arab Emirates,0,0,1990,-8,0,0,1,Autocracy,19,45,2590000,66,53054,1921,1286,0,5,6,5,5.5,1844000,0
United Arab Emirates,0,0,2000,-8,0,0,1,Autocracy,29,90,2997000,65,50410,2441,1709,0,5,6,5,5.5,2905080,0
United Arab Emirates,0,0,2000,-8,0,0,1,Autocracy,29,90,2997000,65,50410,2441,1709,0,5,6,5,5.5,2905080,0
United Arab Emirates,0,0,1999,-8,0,0,1,Autocracy,28,90,3187000,65,50451,2398,1672,0,5,6,5,5.5,2815000,0
United Arab Emirates,0,0,1994,-8,0,0,1,Autocracy,23,45,2149000,60,62472,2157,1460,0,5,7,5,6,2286000,0
United Kingdom,0,0,1984,10,1,0,0,Democracy,104,15121,23294855,336,251344,56506,36002,0.02,7,1,1,1,56506000,1
United Kingdom,0,1,1984,10,1,0,0,Democracy,104,15121,23294855,336,251344,56506,36002,0.02,7,1,1,1,56506000,1
United Kingdom,0,1,1984,10,1,0,0,Democracy,104,15121,23294855,336,251344,56506,36002,0.02,7,1,1,1,56506000,1
United Kingdom,0,1,1982,10,1,0,0,Democracy,102,13704,24169041,335,271987,56318,35492,0.02,7,1,1,1,56318000,1
United Kingdom,0,0,1982,10,1,0,0,Democracy,102,13704,24169041,335,271987,56318,35492,0.02,7,1,1,1,56318000,1
United Kingdom,1,0,1982,10,1,0,0,Democracy,102,13704,24169041,335,271987,56318,35492,0.02,7,1,1,1,56318000,1
United Kingdom,0,0,1985,10,1,0,0,Democracy,105,15722,24200000,334,281442,56685,36260,0.02,7,1,1,1,56685000,1
United Kingdom,0,1,1985,10,1,0,0,Democracy,105,15722,24200000,334,281442,56685,36260,0.02,7,1,1,1,56685000,1
United Kingdom,0,0,1985,10,1,0,0,Democracy,105,15722,24200000,334,281442,56685,36260,0.02,7,1,1,1,56685000,1
United Kingdom,0,0,1983,10,1,0,0,Democracy,103,14986,24873196,333,277043,56377,35746,0.02,7,1,1,1,56377000,1
United Kingdom,0,0,1980,10,1,0,0,Democracy,100,11277,26757385,330,293372,56330,34990,0.02,7,1,1,1,56330000,1
United Kingdom,0,0,1986,10,1,0,0,Democracy,106,14725,27344000,331,288071,56852,40535,0.02,7,1,1,1,56852000,1
United Kingdom,0,1,1986,10,1,0,0,Democracy,106,14725,27344000,331,288071,56852,40535,0.02,7,1,1,1,56852000,1
United Kingdom,0,1,1988,10,1,0,0,Democracy,108,18950,31910000,324,282512,57158,45914,0.02,7,1,1,1,57158000,1
United Kingdom,0,0,1993,10,1,0,0,Democracy,113,16464,34020000,271,294641,58191,48817,0.03,7,1,2,1.5,58040312,1
United Kingdom,0,0,1993,10,1,0,0,Democracy,113,16464,34020000,271,294641,58191,48817,0.03,7,1,2,1.5,58040312,1
United Kingdom,1,0,2001,10,1,0,0,Democracy,121,13543,34714000,211,332580,58832,52930,0.02,7,1,2,1.5,58800000,1
United Kingdom,0,0,1996,10,1,0,0,Democracy,116,17992,35266000,221,319354,58801,52148,0.02,7,1,2,1.5,58343840,1
United Kingdom,1,0,1996,10,1,0,0,Democracy,116,17992,35266000,221,319354,58801,52148,0.02,7,1,2,1.5,58343840,1
United Kingdom,0,0,1994,10,1,0,0,Democracy,114,17286,35409000,257,295508,58395,49922,0.03,7,1,2,1.5,58156240,1
United Kingdom,0,0,2000,10,1,0,0,Democracy,120,15155,35655000,212,332456,58830,52798,0.02,7,1,2,1.5,58720000,1
United Kingdom,0,0,2000,10,1,0,0,Democracy,120,15155,35655000,212,332456,58830,52798,0.02,7,1,2,1.5,58720000,1
United Kingdom,0,1,2000,10,1,0,0,Democracy,120,15155,35655000,212,332456,58830,52798,0.02,7,1,2,1.5,58720000,1
United Kingdom,1,0,1997,10,1,0,0,Democracy,117,18501,35736000,218,327150,58200,52320,0.03,7,1,2,1.5,58437768,1
United Kingdom,0,0,1999,10,1,0,0,Democracy,119,16298,36368000,218,332333,58744,52666,0.02,7,1,2,1.5,58625840,1
United Kingdom,0,0,1999,10,1,0,0,Democracy,119,16298,36368000,218,332333,58744,52666,0.02,7,1,2,1.5,58625840,1
United Kingdom,0,0,1998,10,1,0,0,Democracy,118,17315,38093000,218,332209,58649,52493,0.03,7,1,2,1.5,58531768,1
United Kingdom,0,0,1990,10,1,0,0,Democracy,110,16464,38520000,308,281095,57561,46950,0.02,8,1,1,1,57561000,1
United Kingdom,0,0,1991,10,1,0,0,Democracy,111,16632,40430000,301,293874,57801,46681,0.03,7,1,2,1.5,57742520,1
United Kingdom,0,0,1992,10,1,0,0,Democracy,112,16008,42330000,293,287927,58006,47737,0.03,7,1,2,1.5,57902352,1
United Kingdom,0,0,1992,10,1,0,0,Democracy,112,16008,42330000,293,287927,58006,47737,0.03,7,1,2,1.5,57902352,1
United States of America,0,0,1980,10,1,0,0,Democracy,171,101456,143981000,2050,2449597,227726,57197,0.13,5,1,1,1,227224992,1
United States of America,0,0,1980,10,1,0,0,Democracy,171,101456,143981000,2050,2449597,227726,57197,0.13,5,1,1,1,227224992,1
United States of America,0,1,1980,10,1,0,0,Democracy,171,101456,143981000,2050,2449597,227726,57197,0.13,5,1,1,1,227224992,1
United States of America,0,0,1981,10,1,0,0,Democracy,172,109614,169888000,2101,2366286,229966,57825,0.14,5,1,1,1,229466000,1
United States of America,0,1,1981,10,1,0,0,Democracy,172,109614,169888000,2101,2366286,229966,57825,0.14,5,1,1,1,229466000,1
United States of America,1,0,1981,10,1,0,0,Democracy,172,109614,169888000,2101,2366286,229966,57825,0.14,5,1,1,1,229466000,1
United States of America,0,0,1981,10,1,0,0,Democracy,172,109614,169888000,2101,2366286,229966,57825,0.14,5,1,1,1,229466000,1
United States of America,0,0,1981,10,1,0,0,Democracy,172,109614,169888000,2101,2366286,229966,57825,0.14,5,1,1,1,229466000,1
United States of America,0,0,1982,10,1,0,0,Democracy,173,67656,196345000,2168,2250321,232188,58453,0.13,5,1,1,1,231664000,1
United States of America,0,0,1982,10,1,0,0,Democracy,173,67656,196345000,2168,2250321,232188,58453,0.13,5,1,1,1,231664000,1
United States of America,0,0,1982,10,1,0,0,Democracy,173,67656,196345000,2168,2250321,232188,58453,0.13,5,1,1,1,231664000,1
United States of America,0,0,1982,10,1,0,0,Democracy,173,67656,196345000,2168,2250321,232188,58453,0.13,5,1,1,1,231664000,1
United States of America,0,0,1982,10,1,0,0,Democracy,173,67656,196345000,2168,2250321,232188,58453,0.13,5,1,1,1,231664000,1
United States of America,0,0,1982,10,1,0,0,Democracy,173,67656,196345000,2168,2250321,232188,58453,0.13,5,1,1,1,231664000,1
United States of America,0,0,1982,10,1,0,0,Democracy,173,67656,196345000,2168,2250321,232188,58453,0.13,5,1,1,1,231664000,1
United States of America,0,0,1983,10,1,0,0,Democracy,174,76762,217198000,2201,2227374,234307,58856,0.13,5,1,1,1,233792000,1
United States of America,0,0,1983,10,1,0,0,Democracy,174,76762,217198000,2201,2227374,234307,58856,0.13,5,1,1,1,233792000,1
United States of America,0,1,1983,10,1,0,0,Democracy,174,76762,217198000,2201,2227374,234307,58856,0.13,5,1,1,1,233792000,1
United States of America,0,0,1983,10,1,0,0,Democracy,174,76762,217198000,2201,2227374,234307,58856,0.13,5,1,1,1,233792000,1
United States of America,0,0,1983,10,1,0,0,Democracy,174,76762,217198000,2201,2227374,234307,58856,0.13,5,1,1,1,233792000,1
United States of America,0,0,1983,10,1,0,0,Democracy,174,76762,217198000,2201,2227374,234307,58856,0.13,5,1,1,1,233792000,1
United States of America,0,0,1983,10,1,0,0,Democracy,174,76762,217198000,2201,2227374,234307,58856,0.13,5,1,1,1,233792000,1
United States of America,1,0,1983,10,1,0,0,Democracy,174,76762,217198000,2201,2227374,234307,58856,0.13,5,1,1,1,233792000,1
United States of America,0,0,1983,10,1,0,0,Democracy,174,76762,217198000,2201,2227374,234307,58856,0.13,5,1,1,1,233792000,1
United States of America,1,0,1983,10,1,0,0,Democracy,174,76762,217198000,2201,2227374,234307,58856,0.13,5,1,1,1,233792000,1
United States of America,0,0,1983,10,1,0,0,Democracy,174,76762,217198000,2201,2227374,234307,58856,0.13,5,1,1,1,233792000,1
United States of America,0,1,1984,10,1,0,0,Democracy,175,83940,237052000,2222,2329207,236348,59259,0.14,5,1,1,1,235824992,1
United States of America,0,0,1984,10,1,0,0,Democracy,175,83940,237052000,2222,2329207,236348,59259,0.14,5,1,1,1,235824992,1
United States of America,0,0,1984,10,1,0,0,Democracy,175,83940,237052000,2222,2329207,236348,59259,0.14,5,1,1,1,235824992,1
United States of America,0,0,1985,10,1,0,0,Democracy,176,80067,245154000,2244,2341609,238466,60260,0.14,5,1,1,1,237924000,1
United States of America,0,0,1985,10,1,0,0,Democracy,176,80067,245154000,2244,2341609,238466,60260,0.14,5,1,1,1,237924000,1
United States of America,0,1,1985,10,1,0,0,Democracy,176,80067,245154000,2244,2341609,238466,60260,0.14,5,1,1,1,237924000,1
United States of America,0,0,1985,10,1,0,0,Democracy,176,80067,245154000,2244,2341609,238466,60260,0.14,5,1,1,1,237924000,1
United States of America,0,1,1985,10,1,0,0,Democracy,176,80067,245154000,2244,2341609,238466,60260,0.14,5,1,1,1,237924000,1
United States of America,1,0,1991,10,1,0,0,Democracy,182,79738,262389000,2110,2607325,252618,64814,0.14,5,1,1,1,252205504,1
United States of America,1,0,1991,10,1,0,0,Democracy,182,79738,262389000,2110,2607325,252618,64814,0.14,5,1,1,1,252205504,1
United States of America,0,0,1991,10,1,0,0,Democracy,182,79738,262389000,2110,2607325,252618,64814,0.14,5,1,1,1,252205504,1
United States of America,0,0,1986,10,1,0,0,Democracy,177,74032,265480000,2269,2336692,240651,61261,0.14,5,1,1,1,240132992,1
United States of America,0,0,1986,10,1,0,0,Democracy,177,74032,265480000,2269,2336692,240651,61261,0.14,5,1,1,1,240132992,1
United States of America,0,1,1986,10,1,0,0,Democracy,177,74032,265480000,2269,2336692,240651,61261,0.14,5,1,1,1,240132992,1
United States of America,0,1,1986,10,1,0,0,Democracy,177,74032,265480000,2269,2336692,240651,61261,0.14,5,1,1,1,240132992,1
United States of America,0,0,1986,10,1,0,0,Democracy,177,74032,265480000,2269,2336692,240651,61261,0.14,5,1,1,1,240132992,1
United States of America,0,1,1987,10,1,0,0,Democracy,178,80876,273966000,2280,2429590,242804,61975,0.14,5,1,1,1,242288992,1
United States of America,0,1,1987,10,1,0,0,Democracy,178,80876,273966000,2280,2429590,242804,61975,0.14,5,1,1,1,242288992,1
United States of America,0,1,1987,10,1,0,0,Democracy,178,80876,273966000,2280,2429590,242804,61975,0.14,5,1,1,1,242288992,1
United States of America,0,0,1987,10,1,0,0,Democracy,178,80876,273966000,2280,2429590,242804,61975,0.14,5,1,1,1,242288992,1
United States of America,1,0,1997,10,1,0,0,Democracy,188,98485,276324000,1530,2986350,267901,68486,0.15,5,1,1,1,271672352,1
United States of America,1,0,1997,10,1,0,0,Democracy,188,98485,276324000,1530,2986350,267901,68486,0.15,5,1,1,1,271672352,1
United States of America,0,1,1997,10,1,0,0,Democracy,188,98485,276324000,1530,2986350,267901,68486,0.15,5,1,1,1,271672352,1
United States of America,0,0,1997,10,1,0,0,Democracy,188,98485,276324000,1530,2986350,267901,68486,0.15,5,1,1,1,271672352,1
United States of America,0,0,1996,10,1,0,0,Democracy,187,95535,277254000,1570,3096356,265284,67433,0.14,5,1,1,1,268220048,1
United States of America,0,1,1996,10,1,0,0,Democracy,187,95535,277254000,1570,3096356,265284,67433,0.14,5,1,1,1,268220048,1
United States of America,0,0,1996,10,1,0,0,Democracy,187,95535,277254000,1570,3096356,265284,67433,0.14,5,1,1,1,268220048,1
United States of America,1,0,1996,10,1,0,0,Democracy,187,95535,277254000,1570,3096356,265284,67433,0.14,5,1,1,1,268220048,1
United States of America,0,0,1995,10,1,0,0,Democracy,186,95191,277834000,1620,3031435,262755,66943,0.14,5,1,1,1,264800000,1
United States of America,0,0,1998,10,1,0,0,Democracy,189,98658,279702000,1510,2986958,274028,69556,0.15,5,1,1,1,275157056,1
United States of America,1,0,1998,10,1,0,0,Democracy,189,98658,279702000,1510,2986958,274028,69556,0.15,5,1,1,1,275157056,1
United States of America,1,0,1998,10,1,0,0,Democracy,189,98658,279702000,1510,2986958,274028,69556,0.15,5,1,1,1,275157056,1
United States of America,0,0,1998,10,1,0,0,Democracy,189,98658,279702000,1510,2986958,274028,69556,0.15,5,1,1,1,275157056,1
United States of America,1,0,1988,10,1,0,0,Democracy,179,90631,281935000,2250,2555480,245021,62689,0.14,5,1,1,1,244499008,1
United States of America,0,1,1988,10,1,0,0,Democracy,179,90631,281935000,2250,2555480,245021,62689,0.14,5,1,1,1,244499008,1
United States of America,0,0,1988,10,1,0,0,Democracy,179,90631,281935000,2250,2555480,245021,62689,0.14,5,1,1,1,244499008,1
United States of America,1,0,1992,10,1,0,0,Democracy,183,84322,286892000,1920,2717062,255391,65413,0.15,5,1,1,1,255119696,1
United States of America,0,1,1992,10,1,0,0,Democracy,183,84322,286892000,1920,2717062,255391,65413,0.15,5,1,1,1,255119696,1
United States of America,0,0,1992,10,1,0,0,Democracy,183,84322,286892000,1920,2717062,255391,65413,0.15,5,1,1,1,255119696,1
United States of America,0,0,1990,10,1,0,0,Democracy,181,89726,289755000,2180,2567218,249907,64116,0.14,5,1,1,1,249440000,1
United States of America,1,0,1990,10,1,0,0,Democracy,181,89726,289755000,2180,2567218,249907,64116,0.14,5,1,1,1,249440000,1
United States of America,0,0,1999,10,1,0,0,Democracy,190,97427,292147000,1490,2986821,276218,70642,0.15,5,1,1,1,278674240,1
United States of America,0,0,1999,10,1,0,0,Democracy,190,97427,292147000,1490,2986821,276218,70642,0.15,5,1,1,1,278674240,1
United States of America,0,0,1999,10,1,0,0,Democracy,190,97427,292147000,1490,2986821,276218,70642,0.15,5,1,1,1,278674240,1
United States of America,0,0,1994,10,1,0,0,Democracy,185,91244,293214000,1710,2983822,260602,66457,0.15,5,1,1,1,261412096,1
United States of America,0,0,1994,10,1,0,0,Democracy,185,91244,293214000,1710,2983822,260602,66457,0.15,5,1,1,1,261412096,1
United States of America,0,0,1994,10,1,0,0,Democracy,185,91244,293214000,1710,2983822,260602,66457,0.15,5,1,1,1,261412096,1
United States of America,0,0,1994,10,1,0,0,Democracy,185,91244,293214000,1710,2983822,260602,66457,0.15,5,1,1,1,261412096,1
United States of America,1,0,1994,10,1,0,0,Democracy,185,91244,293214000,1710,2983822,260602,66457,0.15,5,1,1,1,261412096,1
United States of America,0,1,1989,10,1,0,0,Democracy,180,87722,294880000,2240,2571554,247342,63402,0.15,5,1,1,1,246819008,1
United States of America,0,0,1989,10,1,0,0,Democracy,180,87722,294880000,2240,2571554,247342,63402,0.15,5,1,1,1,246819008,1
United States of America,0,1,1989,10,1,0,0,Democracy,180,87722,294880000,2240,2571554,247342,63402,0.15,5,1,1,1,246819008,1
United States of America,1,0,1993,10,1,0,0,Democracy,184,88793,297600000,1810,2823922,258132,66072,0.16,5,1,1,1,258186992,1
United States of America,0,0,1993,10,1,0,0,Democracy,184,88793,297600000,1810,2823922,258132,66072,0.16,5,1,1,1,258186992,1
United States of America,0,0,1993,10,1,0,0,Democracy,184,88793,297600000,1810,2823922,258132,66072,0.16,5,1,1,1,258186992,1
United States of America,0,0,1993,10,1,0,0,Democracy,184,88793,297600000,1810,2823922,258132,66072,0.16,5,1,1,1,258186992,1
United States of America,1,0,1993,10,1,0,0,Democracy,184,88793,297600000,1810,2823922,258132,66072,0.16,5,1,1,1,258186992,1
United States of America,0,0,2000,10,1,0,0,Democracy,191,101803,303136000,1366,2986683,278357,75342,0.15,5,1,1,1,282224000,1
United States of America,0,0,2000,10,1,0,0,Democracy,191,101803,303136000,1366,2986683,278357,75342,0.15,5,1,1,1,282224000,1
United States of America,0,0,2000,10,1,0,0,Democracy,191,101803,303136000,1366,2986683,278357,75342,0.15,5,1,1,1,282224000,1
United States of America,0,0,2000,10,1,0,0,Democracy,191,101803,303136000,1366,2986683,278357,75342,0.15,5,1,1,1,282224000,1
United States of America,1,0,2000,10,1,0,0,Democracy,191,101803,303136000,1366,2986683,278357,75342,0.15,5,1,1,1,282224000,1
United States of America,0,0,2000,10,1,0,0,Democracy,191,101803,303136000,1366,2986683,278357,75342,0.15,5,1,1,1,282224000,1
United States of America,0,0,2000,10,1,0,0,Democracy,191,101803,303136000,1366,2986683,278357,75342,0.15,5,1,1,1,282224000,1
United States of America,0,0,2000,10,1,0,0,Democracy,191,101803,303136000,1366,2986683,278357,75342,0.15,5,1,1,1,282224000,1
United States of America,0,1,2001,10,1,0,0,Democracy,192,90104,322365000,1368,2986546,278393,76239,0.15,5,1,1,1,285318016,1
United States of America,1,0,2001,10,1,0,0,Democracy,192,90104,322365000,1368,2986546,278393,76239,0.15,5,1,1,1,285318016,1
United States of America,0,0,2001,10,1,0,0,Democracy,192,90104,322365000,1368,2986546,278393,76239,0.15,5,1,1,1,285318016,1
United States of America,0,0,2001,10,1,0,0,Democracy,192,90104,322365000,1368,2986546,278393,76239,0.15,5,1,1,1,285318016,1
Uzbekistan,0,0,1997,-9,0,0,1,Autocracy,6,379,610000,65,64761,23667,5184,0,5,7,6,6.5,23667000,0
Uzbekistan,0,0,1998,-9,0,0,1,Autocracy,7,351,670000,33,70450,23574,5213,0,5,7,6,6.5,24049000,0
Uzbekistan,1,0,1999,-9,0,0,1,Autocracy,8,344,1230000,33,70474,23942,5243,0,5,7,6,6.5,24407000,0
Uzbekistan,1,0,1999,-9,0,0,1,Autocracy,8,344,1230000,33,70474,23942,5243,0,5,7,6,6.5,24407000,0
Uzbekistan,0,0,2000,-9,0,0,1,Autocracy,9,407,1750000,59,70498,24318,5316,0,5,7,6,6.5,24746000,0
Uzbekistan,0,0,2001,-9,0,0,1,Autocracy,10,433,1764000,52,70521,24320,5390,0,5,7,6,6.5,25068000,0
Venezuela,0,0,1988,9,1,0,0,Democracy,19,3650,647000,73,134501,18157,7150,0,12,1,2,1.5,18424940,0
Venezuela,0,0,1986,9,1,0,0,Democracy,17,3402,817740,71,123233,17791,6745,0,12,1,2,1.5,17542830,0
Venezuela,0,0,1981,9,1,0,0,Democracy,12,1818,907301,55,119450,14313,6356,0,11,1,2,1.5,15523580,0
Venezuela,0,1,1982,9,1,0,0,Democracy,13,2215,1142338,56,117908,15940,7290,0.01,11,1,2,1.5,15940580,0
Venezuela,1,0,1982,9,1,0,0,Democracy,13,2215,1142338,56,117908,15940,7290,0.01,11,1,2,1.5,15940580,0
Venezuela,1,0,1987,9,1,0,0,Democracy,18,3721,1207000,69,119261,18272,6502,0,12,1,2,1.5,17967410,0
Venezuela,1,0,1999,7,1,0,0,Democracy,30,3249,1328000,75,93003,23706,11405,0,12,2,3,2.5,23707000,0
Venezuela,0,0,1999,7,1,0,0,Democracy,30,3249,1328000,75,93003,23706,11405,0,12,2,3,2.5,23707000,0
Venezuela,1,0,1997,8,1,0,0,Democracy,28,3987,1540000,75,91491,22777,12126,0.01,12,2,3,2.5,22777000,0
Venezuela,1,0,1997,8,1,0,0,Democracy,28,3987,1540000,75,91491,22777,12126,0.01,12,2,3,2.5,22777000,0
Venezuela,1,0,1996,8,1,0,0,Democracy,27,3956,796000,75,164318,22311,11366,0.01,12,3,3,3,22311000,0
Venezuela,1,0,1995,8,1,0,0,Democracy,26,3568,882000,75,161184,21844,10654,0.01,12,3,3,3,21844000,0
Venezuela,1,0,1994,8,1,0,0,Democracy,25,3524,932000,75,164052,21177,9987,0.01,12,3,3,3,21377000,0
Venezuela,1,0,2000,7,1,0,0,Democracy,31,3835,1397000,56,92877,24170,11643,0,12,4,4,4,24170000,0
Venezuela,0,0,2000,7,1,0,0,Democracy,31,3835,1397000,56,92877,24170,11643,0,12,4,4,4,24170000,0
Yemen,1,0,1994,-2,0,1,0,Anocracy,1,0,495000,69,5381,14859,1959,0,6,4,5,4.5,14780000,0
Yemen,0,1,1995,-2,0,1,0,Anocracy,2,0,387000,68,7110,15369,2059,0,6,5,6,5.5,15200000,0
Yemen,0,1,1997,-2,0,1,0,Anocracy,4,0,393000,69,6317,16484,2275,0,6,5,6,5.5,16080040,0
Yemen,0,0,1997,-2,0,1,0,Anocracy,4,0,393000,69,6317,16484,2275,0,6,5,6,5.5,16080040,0
Yemen,0,1,1999,-2,0,1,0,Anocracy,6,0,429000,69,6334,17488,2513,0,6,5,6,5.5,17016530,0
Yugoslavia,0,0,1991,-5,0,1,0,Anocracy,37,2200,3490000,169,40050,23931,1954,0,7,5,4,4.5,10496000,0
Yugoslavia,0,0,1991,-5,0,1,0,Anocracy,37,2200,3490000,169,40050,23931,1954,0,7,5,4,4.5,10496000,0
Yugoslavia,0,1,1987,-5,0,1,0,Anocracy,33,4476,2710000,234,56673,23417,4278,0.01,7,6,5,5.5,10345000,0
Yugoslavia,0,0,1980,-5,0,1,0,Anocracy,26,3634,2949019,260,44630,22304,3738,0.01,7,6,5,5.5,9780000,0
Zaire,0,0,1983,-9,0,0,1,Autocracy,17,0,140080,42,10088,29039,6388,0,9,6,7,6.5,29427040,0
Zaire,0,0,1983,-9,0,0,1,Autocracy,17,0,140080,42,10088,29039,6388,0,9,6,7,6.5,29427040,0
Zaire,1,0,1982,-9,0,0,1,Autocracy,16,0,148500,40,9361,28119,6234,0,9,6,6,6,28538600,0
Zaire,0,0,1980,-9,0,0,1,Autocracy,14,0,179076,26,8916,26377,5908,0,9,6,6,6,26908000,0
Zaire,1,0,1980,-9,0,0,1,Autocracy,14,0,179076,26,8916,26377,5908,0,9,6,6,6,26908000,0
Zaire,0,0,1991,-8,0,0,1,Autocracy,25,30,235000,60,13643,36672,7702,0,9,6,6,6,38270520,0
Zaire,0,0,1993,0,0,1,0,Anocracy,0,30,245000,40,14479,42276,8866,0,9,6,5,5.5,40957128,0
Zaire,1,0,1993,0,0,1,0,Anocracy,0,30,245000,40,14479,42276,8866,0,9,6,5,5.5,40957128,0
Zaire,1,0,1987,-9,0,0,1,Autocracy,21,0,46260,53,12123,32461,6877,0,9,7,7,7,33464400,0
Zaire,1,0,1987,-9,0,0,1,Autocracy,21,0,46260,53,12123,32461,6877,0,9,7,7,7,33464400,0
Zaire,1,0,1990,-8,0,0,1,Autocracy,24,30,58662,55,13390,35562,7495,0,9,7,6,6.5,36999000,0
Zaire,0,0,1994,0,0,1,0,Anocracy,0,30,119000,40,14759,43930,9385,0,9,7,6,6.5,42376032,0
Zaire,1,0,1994,0,0,1,0,Anocracy,0,30,119000,40,14759,43930,9385,0,9,7,6,6.5,42376032,0
Zaire,0,1,1996,0,0,1,0,Anocracy,0,30,174000,50,15681,46812,10416,0,9,7,6,6.5,45308672,0
Zaire,0,1,1996,0,0,1,0,Anocracy,0,30,174000,50,15681,46812,10416,0,9,7,6,6.5,45308672,0
Zambia,0,1,1994,6,1,0,0,Democracy,3,0,60000,16,5537,7897,2609,0,8,3,4,3.5,8740720,0
Zambia,0,1,2001,1,0,1,0,Anocracy,5,0,27000,22,1450,9171,3176,0,8,5,4,4.5,10282500,0
Zambia,0,0,1986,-9,0,0,1,Autocracy,14,0,69164,17,4575,6560,2092,0,7,5,5,5,6901040,0
Zambia,0,0,1986,-9,0,0,1,Autocracy,14,0,69164,17,4575,6560,2092,0,7,5,5,5,6901040,0
Zambia,0,0,1987,-9,0,0,1,Autocracy,15,0,71014,17,4858,6720,2152,0,7,5,5,5,7107800,0
Zambia,0,1,1980,-9,0,0,1,Autocracy,8,0,140040,15,4201,5738,1538,0,7,5,5,5,5738000,0
Zambia,0,1,1982,-9,0,0,1,Autocracy,10,0,185000,16,4314,6052,1897,0,7,5,6,5.5,6117120,0
Zambia,0,0,1983,-9,0,0,1,Autocracy,11,0,378665,16,4326,6242,1944,0,7,5,6,5.5,6309060,0
Zambia,0,1,1990,-9,0,0,1,Autocracy,18,0,94990,16,4999,8073,2325,0,8,6,5,5.5,7784000,0
Zimbabwe,0,1,1986,1,0,1,0,Anocracy,3,490,389990,45,6834,8406,1561,0,4,4,6,5,8944420,0
Zimbabwe,0,0,1986,1,0,1,0,Anocracy,3,490,389990,45,6834,8406,1561,0,4,4,6,5,8944420,0
Zimbabwe,0,0,1998,-6,0,0,1,Autocracy,11,212,334000,40,5854,11377,2704,0,4,5,5,5,12153850,0
Zimbabwe,0,0,1988,-6,0,0,1,Autocracy,1,500,460000,45,7680,8878,1748,0,4,5,6,5.5,9603640,0